North American Industry Classification System (NAICS),January 1997,February 1997,March 1997,April 1997,May 1997,June 1997,July 1997,August 1997,September 1997,October 1997,November 1997,December 1997,January 1998,February 1998,March 1998,April 1998,May 1998,June 1998,July 1998,August 1998,September 1998,October 1998,November 1998,December 1998,January 1999,February 1999,March 1999,April 1999,May 1999,June 1999,July 1999,August 1999,September 1999,October 1999,November 1999,December 1999,January 2000,February 2000,March 2000,April 2000,May 2000,June 2000,July 2000,August 2000,September 2000,October 2000,November 2000,December 2000,January 2001,February 2001,March 2001,April 2001,May 2001,June 2001,July 2001,August 2001,September 2001,October 2001,November 2001,December 2001,January 2002,February 2002,March 2002,April 2002,May 2002,June 2002,July 2002,August 2002,September 2002,October 2002,November 2002,December 2002,January 2003,February 2003,March 2003,April 2003,May 2003,June 2003,July 2003,August 2003,September 2003,October 2003,November 2003,December 2003,January 2004,February 2004,March 2004,April 2004,May 2004,June 2004,July 2004,August 2004,September 2004,October 2004,November 2004,December 2004,January 2005,February 2005,March 2005,April 2005,May 2005,June 2005,July 2005,August 2005,September 2005,October 2005,November 2005,December 2005,January 2006,February 2006,March 2006,April 2006,May 2006,June 2006,July 2006,August 2006,September 2006,October 2006,November 2006,December 2006,January 2007,February 2007,March 2007,April 2007,May 2007,June 2007,July 2007,August 2007,September 2007,October 2007,November 2007,December 2007,January 2008,February 2008,March 2008,April 2008,May 2008,June 2008,July 2008,August 2008,September 2008,October 2008,November 2008,December 2008,January 2009,February 2009,March 2009,April 2009,May 2009,June 2009,July 2009,August 2009,September 2009,October 2009,November 2009,December 2009,January 2010,February 2010,March 2010,April 2010,May 2010,June 2010,July 2010,August 2010,September 2010,October 2010,November 2010,December 2010,January 2011,February 2011,March 2011,April 2011,May 2011,June 2011,July 2011,August 2011,September 2011,October 2011,November 2011,December 2011,January 2012,February 2012,March 2012,April 2012,May 2012,June 2012,July 2012,August 2012,September 2012,October 2012,November 2012,December 2012,January 2013,February 2013,March 2013,April 2013,May 2013,June 2013,July 2013,August 2013,September 2013,October 2013,November 2013,December 2013,January 2014,February 2014,March 2014,April 2014,May 2014,June 2014,July 2014,August 2014,September 2014,October 2014,November 2014,December 2014,January 2015,February 2015,March 2015,April 2015,May 2015,June 2015,July 2015,August 2015,September 2015,October 2015,November 2015,December 2015,January 2016,February 2016,March 2016,April 2016,May 2016,June 2016,July 2016,August 2016,September 2016,October 2016,November 2016,December 2016,January 2017,February 2017,March 2017,April 2017,May 2017,June 2017,July 2017,August 2017,September 2017,October 2017,November 2017,December 2017,January 2018,February 2018,March 2018,April 2018,May 2018,June 2018,July 2018,August 2018,September 2018,October 2018,November 2018,December 2018,January 2019,February 2019,March 2019,April 2019,May 2019,June 2019,July 2019,August 2019,September 2019,October 2019,November 2019,December 2019,January 2020,February 2020,March 2020,April 2020,May 2020,June 2020,July 2020,August 2020,September 2020,October 2020,November 2020,December 2020,January 2021,February 2021,March 2021,April 2021,May 2021,June 2021,July 2021,August 2021,September 2021,October 2021,November 2021,December 2021,January 2022,February 2022,March 2022,April 2022,May 2022,June 2022,July 2022,August 2022,September 2022,October 2022,November 2022,December 2022,January 2023,February 2023,March 2023,April 2023,May 2023,June 2023,July 2023,August 2023,September 2023,October 2023,November 2023,December 2023,January 2024,February 2024,March 2024,April 2024,May 2024,June 2024,July 2024,August 2024,September 2024,October 2024,November 2024,December 2024,January 2025,February 2025,March 2025,April 2025,May 2025,June 2025,July 2025,August 2025,September 2025,October 2025,November 2025,December 2025
"Total, all industries","13,147.7","13,215.3","13,289.6","13,355.9","13,732.9","14,040.7","14,117.3","14,172.5","13,923.8","13,901.5","13,820.2","13,780.6","13,474.6","13,597.2","13,654.9","13,766.5","14,091.5","14,341.2","14,441.0","14,468.4","14,235.5","14,224.5","14,162.4","14,106.4","13,881.5","13,952.6","13,988.3","14,102.3","14,454.5","14,698.7","14,804.6","14,776.0","14,556.5","14,575.2","14,517.4","14,516.2","14,257.0","14,363.7","14,418.0","14,493.1","14,874.9","15,056.3","15,112.9","15,097.0","14,883.9","14,896.3","14,846.2","14,822.2","14,526.0","14,572.4","14,619.1","14,724.3","15,080.9","15,230.6","15,297.8","15,273.1","15,029.5","15,023.0","14,951.4","14,859.5","14,659.9","14,732.8","14,846.7","14,968.3","15,352.0","15,597.9","15,688.9","15,740.1","15,498.9","15,496.3","15,464.6","15,449.5","15,179.3","15,291.4","15,339.6","15,386.7","15,700.7","15,984.7","16,002.9","15,971.9","15,750.1","15,801.8","15,772.6","15,748.4","15,452.4","15,513.4","15,538.0","15,663.0","16,016.3","16,273.7","16,287.8","16,224.4","16,023.1","16,049.3","15,993.7","15,945.2","15,658.4","15,742.1","15,754.4","15,850.3","16,242.5","16,446.2","16,482.8","16,460.9","16,200.5","16,266.6","16,222.3","16,155.2","15,921.3","15,992.8","16,056.8","16,152.9","16,619.2","16,775.4","16,778.5","16,711.0","16,482.5","16,537.7","16,469.1","16,467.8","16,264.2","16,338.9","16,379.6","16,467.1","16,853.9","17,071.8","17,138.0","17,097.3","16,841.4","16,926.1","16,883.0","16,820.6","16,586.6","16,678.7","16,692.3","16,772.3","17,145.2","17,371.6","17,306.2","17,290.6","17,092.8","17,151.0","16,984.8","16,889.9","16,470.4","16,489.5","16,449.1","16,536.4","16,890.3","17,078.0","16,995.3","16,974.8","16,810.4","16,824.7","16,827.0","16,719.4","16,470.5","16,531.3","16,554.6","16,731.9","17,089.6","17,386.5","17,322.7","17,297.7","17,122.5","17,105.7","17,090.0","17,035.3","16,821.8","16,883.2","16,863.4","17,019.8","17,368.8","17,576.6","17,541.0","17,514.5","17,328.8","17,307.0","17,236.3","17,174.0","16,899.9","16,957.8","17,038.9","17,250.1","17,585.6","17,754.6","17,724.0","17,738.6","17,573.0","17,579.3","17,553.7","17,524.1","17,273.9","17,385.5","17,321.4","17,464.5","17,866.9","18,012.5","17,927.4","17,931.4","17,778.4","17,764.7","17,705.9","17,580.2","17,330.5","17,375.8","17,421.4","17,500.9","17,858.4","18,083.8","18,039.3","17,975.1","17,858.4","17,879.9","17,800.0","17,738.3","17,466.0","17,529.8","17,551.6","17,615.9","18,008.7","18,193.1","18,128.3","18,140.3","17,976.0","17,993.2","17,891.1","17,792.7","17,520.5","17,596.1","17,610.9","17,698.2","18,141.5","18,292.3","18,196.5","18,205.1","18,088.6","18,126.6","18,089.1","18,037.8","17,865.5","17,920.4","17,962.9","18,039.6","18,503.4","18,708.6","18,668.2","18,651.4","18,483.7","18,541.0","18,562.6","18,559.3","18,253.2","18,275.6","18,357.4","18,435.7","18,809.7","19,010.4","19,009.4","18,921.5","18,819.0","18,867.6","18,881.6","18,838.7","18,579.8","18,673.8","18,674.2","18,875.6","19,253.1","19,404.5","19,307.4","19,340.5","19,240.7","19,246.2","19,130.8","19,123.2","18,851.6","18,921.3","17,795.7","15,934.9","16,571.8","17,806.4","18,097.2","18,313.0","18,619.2","18,706.6","18,674.7","18,529.5","18,033.8","18,370.5","18,621.0","18,509.7","18,800.4","19,243.1","19,226.7","19,227.2","19,293.1","19,359.8","19,449.4","19,434.8","18,932.6","19,373.8","19,413.0","19,545.2","19,995.7","20,099.6","19,995.9","19,923.2","19,817.0","19,933.6","19,925.0","19,919.7","19,791.9","19,907.7","19,992.0","20,091.8","20,482.0","20,681.3","20,565.9","20,552.4","20,465.6","20,526.1","20,509.3","20,450.9","20,246.6","20,369.9","20,411.5","20,583.5","20,925.4","21,048.5","20,915.6","20,887.4","20,844.0","20,861.8","20,828.6","20,843.6","20,670.1","20,768.6","20,758.0","20,873.8","21,191.2","21,449.7","21,206.7","21,086.3","21,039.4","21,125.7","21,117.8","21,056.4"
Goods-producing sector,"3,321.3","3,332.9","3,358.6","3,402.4","3,571.9","3,721.2","3,782.7","3,818.3","3,724.2","3,681.1","3,611.3","3,547.8","3,418.7","3,454.6","3,473.3","3,538.9","3,692.2","3,798.4","3,871.7","3,917.3","3,785.2","3,761.3","3,687.4","3,605.6","3,501.4","3,520.1","3,526.1","3,577.9","3,744.0","3,866.7","3,943.7","3,941.0","3,853.7","3,849.3","3,788.9","3,721.9","3,621.1","3,632.9","3,648.8","3,695.9","3,874.6","3,943.4","3,994.4","3,992.8","3,897.3","3,863.5","3,809.8","3,740.0","3,614.9","3,612.5","3,637.0","3,682.7","3,826.2","3,900.8","3,958.3","3,965.3","3,855.9","3,809.6","3,707.8","3,625.3","3,551.7","3,598.4","3,654.3","3,695.4","3,887.4","4,013.7","4,101.4","4,143.0","4,043.1","4,005.5","3,951.8","3,864.6","3,740.8","3,763.8","3,762.7","3,783.9","3,942.1","4,056.6","4,134.1","4,142.8","4,013.5","3,983.0","3,946.3","3,864.2","3,743.4","3,759.1","3,800.9","3,863.4","4,034.1","4,148.6","4,221.2","4,214.1","4,088.6","4,079.1","4,001.4","3,928.3","3,823.6","3,795.4","3,829.1","3,875.5","4,037.2","4,174.9","4,196.4","4,231.0","4,087.4","4,053.1","3,994.9","3,908.6","3,743.2","3,807.5","3,837.7","3,886.2","4,069.2","4,113.4","4,168.8","4,163.8","4,074.4","4,045.0","3,997.4","3,933.1","3,826.6","3,808.8","3,791.0","3,848.4","4,023.2","4,100.1","4,180.6","4,191.9","4,050.8","4,028.4","3,966.7","3,862.5","3,783.1","3,784.2","3,807.2","3,866.1","4,058.8","4,150.4","4,168.3","4,204.1","4,102.1","4,065.0","3,971.5","3,862.8","3,636.4","3,603.2","3,598.2","3,617.8","3,760.1","3,850.2","3,885.8","3,889.3","3,837.9","3,812.7","3,752.4","3,654.4","3,522.5","3,540.3","3,536.9","3,618.9","3,775.2","3,877.7","3,925.8","3,928.7","3,853.0","3,823.7","3,792.3","3,708.4","3,602.4","3,628.9","3,636.6","3,696.2","3,894.1","3,944.9","3,994.2","4,000.0","3,931.6","3,899.2","3,838.6","3,754.1","3,630.8","3,653.2","3,687.9","3,789.2","3,964.4","4,036.1","4,111.8","4,114.9","4,030.7","3,992.0","3,937.5","3,873.5","3,737.7","3,759.6","3,745.4","3,833.0","4,005.3","4,060.9","4,116.4","4,097.4","4,015.7","4,017.4","3,953.5","3,845.4","3,719.4","3,728.4","3,740.6","3,772.6","3,919.9","4,032.3","4,065.7","4,064.2","4,015.3","3,983.6","3,933.0","3,859.6","3,716.7","3,699.5","3,691.9","3,752.7","3,920.1","3,998.3","4,049.0","4,051.7","3,977.0","3,916.1","3,909.2","3,822.1","3,687.5","3,711.1","3,680.8","3,713.3","3,902.8","3,927.2","3,989.5","4,011.5","3,945.0","3,922.1","3,859.3","3,785.4","3,692.6","3,702.0","3,701.7","3,766.9","3,944.9","4,023.3","4,090.6","4,079.2","3,995.3","4,013.0","3,989.5","3,946.7","3,804.0","3,800.2","3,841.3","3,874.7","4,020.0","4,104.5","4,106.8","4,105.7","4,063.6","4,042.2","4,019.8","3,956.5","3,798.0","3,802.0","3,803.1","3,898.8","4,052.3","4,097.9","4,143.1","4,166.0","4,111.4","4,057.0","3,998.0","3,939.1","3,835.0","3,860.1","3,781.2","3,260.1","3,579.7","3,831.6","3,909.7","3,960.5","3,970.2","3,961.2","3,939.7","3,895.5","3,780.1","3,800.1","3,832.0","3,888.5","3,987.3","4,032.3","4,078.9","4,058.8","4,016.1","3,988.9","3,970.1","3,924.6","3,838.0","3,912.8","3,940.1","4,000.5","4,144.2","4,203.9","4,269.4","4,253.3","4,152.1","4,170.2","4,121.5","4,088.5","4,009.9","4,056.0","4,047.7","4,094.3","4,283.7","4,330.5","4,356.6","4,331.5","4,229.0","4,220.5","4,219.2","4,134.6","4,007.3","4,045.3","4,094.6","4,133.7","4,235.4","4,296.1","4,353.8","4,353.0","4,253.0","4,246.0","4,179.4","4,141.5","4,095.5","4,116.5","4,121.7","4,129.5","4,237.4","4,323.7","4,319.9","4,314.2","4,257.3","4,242.6","4,212.2","4,155.6"
Agriculture,386.1,378.3,381.8,399.8,418.6,436.0,450.6,454.4,430.9,421.4,401.7,387.1,383.6,386.2,400.4,421.8,442.3,435.0,450.4,471.6,445.5,427.7,392.3,384.9,379.0,378.2,383.0,402.2,421.6,429.9,444.0,442.0,416.0,404.5,385.9,366.1,361.4,362.6,370.4,368.9,392.0,393.4,404.9,406.1,375.4,362.5,336.2,321.8,311.3,303.7,311.5,329.1,335.4,341.0,357.0,350.8,326.7,318.7,304.2,281.3,276.6,270.9,292.2,305.8,326.2,336.4,358.4,359.6,352.3,352.2,335.1,318.7,308.8,304.9,310.5,324.1,342.1,346.2,355.7,362.0,335.2,333.6,324.5,312.0,299.8,296.8,309.4,322.0,337.9,344.9,350.0,345.9,326.0,322.9,308.6,299.7,286.3,293.8,312.9,326.7,362.2,370.1,398.5,389.9,355.9,356.6,329.3,323.7,310.5,320.1,328.9,345.4,361.4,357.9,372.8,376.3,353.9,337.2,319.6,315.9,309.4,300.0,305.6,323.9,336.8,344.4,357.0,359.2,344.8,338.9,315.7,299.6,301.8,297.4,306.3,317.2,342.3,347.9,352.5,350.2,346.2,338.0,305.0,300.0,287.2,298.7,304.2,322.5,334.8,342.2,341.0,345.3,333.4,321.7,302.9,288.1,280.0,282.0,290.0,291.9,316.9,315.9,327.8,324.8,309.4,312.1,291.7,282.0,283.4,282.2,288.0,292.8,314.6,325.5,326.4,327.9,316.5,312.5,288.4,279.0,269.7,266.2,275.8,300.5,321.3,311.2,326.3,333.5,323.6,315.6,295.5,293.8,285.7,287.7,296.4,311.2,332.9,338.4,344.8,340.2,337.4,332.8,308.0,288.9,283.2,285.5,291.8,301.0,324.0,318.3,323.3,324.9,310.5,302.7,284.7,289.2,276.2,275.2,275.0,288.9,305.3,297.5,317.9,315.4,308.9,297.7,290.2,273.4,261.4,267.3,266.3,275.1,303.9,298.1,311.6,312.3,297.2,282.8,275.3,263.5,261.1,262.2,264.3,274.7,291.0,295.0,299.1,302.2,281.6,278.2,265.3,262.0,252.1,252.8,264.0,279.4,302.4,298.8,300.9,301.1,296.5,294.6,287.1,285.6,266.7,267.6,268.7,286.5,308.4,310.0,313.2,316.2,309.8,302.5,295.6,279.8,276.2,274.8,265.0,271.7,287.8,292.2,289.0,292.1,285.9,287.5,283.4,267.7,249.5,251.4,261.9,271.7,282.6,278.1,281.0,271.9,258.3,254.3,248.3,232.9,232.9,236.4,239.8,249.1,270.4,275.0,280.7,287.9,273.2,274.2,260.7,260.7,242.1,241.3,246.7,251.7,274.4,268.1,287.7,276.6,262.4,267.1,248.9,228.8,211.9,207.6,211.2,214.4,233.6,247.8,259.7,260.0,244.4,239.7,228.3,221.3,218.6,214.7,210.6,222.1,236.4,234.4,231.3,238.4,242.5,241.4,229.9,221.5
"Forestry, fishing, mining, quarrying, oil and gas",278.4,282.0,277.5,261.7,295.3,318.4,324.6,328.7,319.9,301.6,295.0,293.5,281.8,281.2,277.2,271.3,293.2,323.2,328.8,323.3,301.3,287.4,281.7,274.6,266.7,262.6,242.3,236.0,257.3,276.9,280.4,275.4,268.8,264.5,262.6,264.7,254.9,260.8,253.6,251.9,277.6,296.6,299.3,292.2,281.3,276.1,272.6,262.8,256.4,258.8,258.3,245.9,279.6,295.1,304.2,308.7,291.1,281.6,272.5,264.4,256.4,258.1,258.2,252.2,266.7,285.3,294.0,288.6,277.3,268.2,263.9,260.9,258.1,261.6,267.8,250.5,274.3,297.1,305.8,298.5,294.2,291.7,276.2,274.7,263.1,266.5,264.2,254.1,282.6,302.6,309.8,305.6,298.8,291.4,287.5,292.5,280.9,289.8,282.0,278.3,316.3,333.2,335.3,337.0,324.4,325.7,303.5,307.8,305.6,309.1,314.0,304.0,341.8,361.4,369.3,359.3,352.6,350.4,338.5,337.0,338.4,339.0,329.3,325.7,353.5,360.5,358.9,361.6,344.5,344.9,334.0,337.3,331.7,333.2,331.0,317.4,347.0,362.0,357.5,354.4,351.0,353.8,342.5,340.7,332.8,312.9,298.2,286.1,316.4,330.5,332.2,331.6,315.7,307.5,306.7,303.7,305.5,313.7,310.3,306.5,332.6,349.1,351.9,346.7,339.7,314.4,323.5,320.7,324.2,319.6,321.6,323.9,352.1,363.1,356.5,353.3,352.2,350.0,353.4,354.0,355.4,358.8,363.8,362.2,385.6,395.1,393.8,392.6,372.8,373.4,369.2,365.5,366.3,366.3,353.3,351.0,377.3,386.6,384.3,385.1,379.5,376.4,370.3,355.5,362.3,373.9,363.3,356.4,363.6,378.6,381.3,378.7,381.3,369.4,371.4,367.1,361.4,346.8,345.8,343.6,359.1,377.2,372.1,372.2,363.2,350.8,349.7,350.0,338.2,328.9,319.8,308.7,320.3,319.4,320.0,319.8,317.2,320.7,314.3,308.1,312.8,313.2,309.8,303.2,326.2,329.8,333.8,331.3,330.3,325.7,318.8,323.7,314.9,320.0,317.7,316.1,331.8,351.8,344.6,344.0,340.9,335.9,336.5,337.5,336.7,341.1,335.3,327.6,339.3,341.0,336.7,330.9,327.9,330.5,320.0,321.0,313.8,312.7,309.4,279.2,301.6,305.6,312.8,303.9,297.9,309.8,313.9,320.7,315.7,315.8,312.1,312.9,336.9,341.8,346.5,327.9,335.6,324.7,314.7,325.4,321.4,324.1,328.5,324.1,350.3,337.5,335.2,332.3,327.3,320.0,317.3,319.5,319.2,326.2,315.1,310.5,339.2,341.3,337.3,341.0,337.8,336.2,328.6,340.1,336.4,343.3,344.1,347.4,369.0,371.4,373.2,370.7,362.7,355.3,340.5,336.1,326.3,332.8,336.2,323.4,349.0,352.1,346.8,342.1,344.9,337.0,341.1,338.2
Forestry and logging and support activities for forestry,78.7,79.5,71.9,63.4,72.6,86.0,90.8,99.3,93.1,88.0,84.2,83.3,77.0,77.7,74.4,68.3,76.8,97.1,104.7,99.0,92.0,83.7,77.2,76.8,68.3,74.6,66.3,58.9,72.7,84.7,94.2,90.2,90.1,86.4,87.7,85.8,75.8,81.0,75.5,71.1,85.9,98.1,103.6,96.4,89.3,87.7,84.3,78.5,74.1,73.3,63.7,57.3,71.2,79.4,87.2,88.0,84.9,77.4,71.5,62.9,63.0,63.9,61.5,56.3,65.7,80.2,91.3,88.3,87.4,79.3,73.5,71.0,69.9,70.2,69.1,60.1,66.8,84.2,92.6,88.3,84.9,78.6,73.0,70.9,62.4,66.2,60.7,55.1,67.1,82.8,88.2,87.4,79.0,74.2,68.5,67.0,63.3,69.1,66.3,61.7,70.0,78.0,79.7,79.7,69.9,74.1,64.6,64.8,54.5,58.2,57.0,42.9,56.8,71.9,72.6,72.9,73.6,68.5,66.3,56.2,56.9,54.7,52.4,50.5,63.2,70.9,70.8,70.0,62.9,61.7,58.8,52.0,51.5,53.4,51.9,44.2,52.0,57.9,59.1,54.6,49.3,51.9,45.6,45.4,46.0,44.0,37.9,34.5,40.7,56.0,52.1,51.7,46.5,46.1,41.3,45.1,40.8,44.9,41.1,45.0,53.7,62.0,62.0,62.5,57.2,47.9,46.2,39.8,44.0,41.5,38.1,35.2,45.6,59.4,58.0,61.0,60.0,57.8,49.8,44.1,44.4,44.0,41.4,44.9,52.8,60.6,59.9,62.4,53.8,52.0,53.8,56.6,53.0,50.2,44.1,44.3,54.5,59.8,61.8,54.6,56.4,50.7,48.8,39.4,45.2,45.6,46.6,37.5,42.5,52.9,54.4,54.9,54.9,48.3,49.8,47.7,48.8,48.7,46.6,42.2,48.2,55.6,57.9,55.2,52.4,47.8,51.3,47.5,45.4,42.8,38.0,35.7,41.9,49.6,56.8,48.6,47.4,46.7,46.6,45.0,44.6,42.5,43.2,34.8,38.5,48.2,53.5,52.2,51.9,50.9,52.5,49.4,46.2,45.8,44.6,40.6,45.5,52.8,54.8,58.3,58.2,52.4,46.7,46.3,48.8,48.3,49.7,44.3,44.4,50.3,48.5,47.0,42.6,45.9,44.3,45.9,40.5,43.2,39.8,40.5,48.2,51.6,66.8,61.0,55.2,44.6,52.0,53.8,41.4,40.5,40.0,47.4,52.7,52.9,56.5,50.1,56.5,50.8,48.4,47.0,49.4,45.7,49.6,47.6,55.7,52.9,53.6,48.5,45.6,38.7,35.6,33.6,30.2,36.0,32.5,30.2,42.0,41.8,42.6,42.5,39.2,39.7,37.8,40.4,40.4,44.3,44.3,44.8,49.0,53.6,50.4,48.0,34.0,32.4,33.5,29.4,32.6,35.9,41.6,41.0,52.2,51.7,50.1,46.3,38.6,36.8,43.7,39.0
"Fishing, hunting and trapping",24.8,25.3,28.6,26.6,36.9,38.1,34.4,33.2,32.7,28.1,24.2,23.8,24.2,24.4,27.9,29.0,39.0,37.6,33.5,31.2,31.5,27.7,22.9,23.8,25.5,24.6,25.1,26.4,35.7,37.7,31.7,35.0,31.7,27.7,27.3,24.6,28.4,24.1,24.6,26.8,36.5,38.4,32.9,30.0,29.7,23.7,23.9,22.4,20.1,20.6,24.1,25.5,35.8,32.9,31.0,29.6,25.5,22.8,18.4,22.5,18.9,17.9,21.8,25.3,32.4,36.0,31.2,32.4,26.8,24.8,23.7,23.5,22.9,21.1,20.1,22.4,30.6,34.0,30.4,28.4,29.1,26.9,24.8,25.5,24.9,22.6,22.9,25.1,36.0,38.9,33.3,27.9,25.4,20.6,19.9,23.2,19.9,20.7,21.2,22.7,36.4,39.1,31.5,27.5,26.2,26.7,19.8,21.9,22.1,23.0,20.9,22.8,34.3,36.3,30.8,27.9,28.3,29.6,22.7,26.0,23.7,21.5,20.9,26.9,30.6,29.0,24.1,25.5,23.5,22.0,20.3,22.9,19.9,17.8,19.1,21.9,28.6,27.4,21.2,22.1,23.3,21.5,19.1,19.4,19.7,16.8,17.4,19.5,30.9,29.7,25.4,23.0,21.2,17.8,17.3,18.7,15.5,14.5,18.4,22.3,33.5,31.5,26.5,22.2,20.1,18.0,17.0,18.3,17.0,16.0,17.9,23.0,34.8,27.4,23.1,20.9,19.5,15.4,14.0,16.3,15.7,12.9,14.7,18.1,27.2,25.5,22.0,20.4,21.1,18.6,16.3,17.4,13.7,14.8,16.0,19.5,26.9,26.7,18.6,18.6,17.4,17.4,13.7,13.8,11.9,11.8,12.9,14.1,24.2,25.4,16.3,14.6,15.7,13.8,14.2,16.3,17.3,13.1,14.5,16.6,25.1,24.0,20.2,19.2,16.2,12.7,11.2,13.7,13.6,12.6,13.7,16.6,26.0,22.8,15.4,16.5,14.7,12.9,11.0,13.2,12.6,14.8,14.2,17.5,29.5,25.4,22.0,17.8,16.1,14.0,11.8,14.1,13.0,12.1,12.5,19.8,27.8,26.0,17.5,15.6,17.9,14.6,13.5,17.2,14.9,14.0,12.7,17.5,27.1,24.5,16.4,15.3,16.5,16.0,15.5,18.1,18.0,14.9,17.0,16.1,27.9,27.2,21.3,20.2,16.8,16.4,16.2,19.2,21.7,18.5,19.5,20.7,28.1,27.8,21.4,15.8,15.6,13.6,11.4,14.7,14.6,12.5,13.7,17.1,28.1,23.7,17.1,17.4,17.2,12.6,12.9,16.5,15.6,13.4,13.4,14.6,22.4,27.1,17.9,12.2,12.1,14.0,10.1,14.0,13.2,13.5,12.6,15.6,26.8,18.9,15.2,15.7,12.3,13.2,12.0,15.5,16.4,16.2,17.4,20.5,26.0,23.2,16.8,16.9,15.5,13.1,11.2,12.1
"Mining, quarrying, and oil and gas extraction",174.9,177.2,177.0,171.8,185.8,194.3,199.3,196.2,194.1,185.5,186.6,186.3,180.6,179.0,175.0,173.9,177.4,188.4,190.6,193.1,177.9,176.0,181.6,174.0,172.9,163.4,150.9,150.7,149.0,154.5,154.5,150.2,147.0,150.5,147.6,154.3,150.8,155.7,153.5,154.1,155.2,160.1,162.8,165.7,162.3,164.7,164.4,161.9,162.1,164.8,170.6,163.2,172.6,182.7,186.0,191.2,180.7,181.4,182.6,179.0,174.5,176.3,174.9,170.6,168.6,169.0,171.6,167.9,163.1,164.2,166.8,166.4,165.4,170.2,178.7,168.0,176.9,178.8,182.9,181.9,180.2,186.1,178.4,178.3,175.8,177.7,180.5,173.9,179.5,181.0,188.3,190.3,194.5,196.6,199.1,202.3,197.7,200.0,194.6,193.9,210.0,216.1,224.1,229.7,228.3,225.0,219.1,221.1,229.0,227.9,236.1,238.3,250.7,253.2,266.0,258.5,250.7,252.2,249.5,254.7,257.8,262.8,256.1,248.3,259.7,260.6,264.1,266.2,258.0,261.3,254.8,262.4,260.4,262.1,260.0,251.2,266.5,276.7,277.2,277.8,278.4,280.4,277.8,275.9,267.1,252.0,242.9,232.2,244.8,244.7,254.7,256.9,248.0,243.6,248.1,239.9,249.2,254.3,250.7,239.2,245.4,255.6,263.5,262.0,262.4,248.6,260.3,262.6,263.2,262.1,265.6,265.8,271.7,276.3,275.3,271.3,272.7,276.8,289.5,293.7,295.3,301.9,307.7,299.2,305.6,309.0,311.9,309.8,297.9,302.8,299.1,291.5,299.5,301.3,293.2,287.2,295.9,300.1,303.9,312.0,305.7,308.4,307.8,302.3,305.3,316.5,303.8,304.8,296.8,300.2,310.7,309.3,310.7,307.4,307.4,303.1,295.3,285.0,284.7,284.8,285.9,297.7,294.0,297.8,294.6,290.2,287.2,288.8,279.2,273.5,268.1,256.4,252.3,247.0,247.7,254.7,255.1,261.1,256.8,249.9,255.7,256.0,252.3,250.8,258.2,256.2,258.4,261.2,262.4,260.8,254.5,260.2,255.7,262.1,260.6,255.6,258.4,273.0,272.3,270.1,264.9,269.0,276.4,274.1,273.0,278.7,273.0,265.8,267.7,266.2,271.8,268.7,268.7,268.6,260.2,257.1,255.3,254.6,252.6,222.6,225.5,226.7,224.7,222.8,225.8,248.8,245.7,247.7,252.6,256.9,252.6,244.9,256.1,261.1,268.5,262.0,263.5,260.4,255.0,263.7,257.4,265.8,265.3,259.4,266.4,261.0,264.5,266.4,264.6,268.7,268.9,269.5,273.3,276.8,269.2,265.7,274.8,272.5,276.7,286.4,286.5,282.5,280.7,285.7,282.8,285.5,287.2,287.0,293.2,298.9,307.6,307.0,316.4,309.7,294.9,291.3,277.4,280.7,277.3,261.9,270.8,277.3,280.0,278.8,290.8,287.1,286.2,287.0
Utilities,119.3,120.2,119.8,116.5,117.6,115.7,116.7,115.8,111.1,110.2,113.4,111.6,108.8,111.1,109.1,110.8,110.6,116.0,116.2,118.2,117.0,118.9,117.3,117.5,110.5,114.0,115.1,112.6,115.3,116.2,119.5,118.7,115.0,117.7,113.7,115.1,112.7,114.8,113.4,113.4,118.2,115.9,118.3,116.5,115.2,116.7,118.3,115.8,118.2,121.3,117.0,119.0,122.0,127.7,127.6,129.6,121.6,122.5,124.1,123.0,123.3,121.7,125.8,129.7,137.3,134.9,137.3,136.9,135.2,130.0,131.3,129.6,125.0,126.0,129.0,130.7,129.6,134.1,133.4,132.6,130.2,133.0,134.2,130.6,132.0,128.2,133.2,134.6,135.2,138.3,138.2,138.4,130.9,128.6,124.6,122.9,119.3,117.4,122.0,123.9,123.5,129.5,125.4,129.8,125.1,121.9,119.2,124.6,119.8,117.6,114.2,117.4,121.5,120.0,121.2,120.9,115.1,116.7,117.4,115.7,116.7,116.7,118.6,117.8,122.8,127.8,134.1,137.0,132.0,130.7,133.1,132.3,136.1,138.2,137.5,138.0,141.6,143.0,147.0,150.8,145.9,144.4,144.8,145.1,145.1,145.6,146.9,143.8,148.3,147.5,145.3,147.1,147.8,148.0,143.8,142.4,138.1,141.4,138.2,142.0,142.2,143.9,143.6,143.2,142.5,137.6,133.9,132.1,131.0,133.3,130.4,131.7,137.1,138.1,135.4,132.5,126.9,127.0,128.2,124.9,124.6,124.4,127.8,128.0,128.3,130.6,127.7,134.6,135.1,135.9,136.6,129.6,125.2,126.5,126.6,126.6,131.1,134.1,136.0,135.2,134.7,133.5,135.4,138.1,133.5,132.5,133.5,134.5,134.0,138.0,132.5,133.8,132.0,137.1,138.4,139.4,136.1,136.8,133.8,135.8,138.4,138.9,139.3,137.2,132.2,131.1,129.4,132.5,131.9,136.7,136.0,138.4,139.1,138.0,137.3,137.8,132.1,132.0,132.4,134.8,132.7,132.0,130.3,125.8,129.5,132.1,131.0,129.5,125.2,122.5,120.8,118.0,123.6,128.4,132.4,135.1,143.9,147.1,146.4,148.0,146.3,145.0,145.6,139.1,136.6,134.6,133.6,134.5,139.8,140.7,136.1,136.6,126.1,126.3,128.1,127.4,130.6,134.1,128.4,132.6,131.0,134.7,133.5,134.5,140.8,138.5,132.9,134.5,134.4,140.5,139.8,138.9,141.0,143.7,145.7,141.5,145.5,143.5,135.1,138.4,141.9,145.4,141.3,148.5,154.1,152.7,154.0,159.0,158.0,157.8,153.0,144.1,150.4,160.7,158.4,158.0,167.7,163.6,164.4,163.8,157.1,155.0,155.2,156.3,154.6,157.2,158.2,152.6,153.3,150.0,155.9,150.9,150.3,149.4,146.2,157.1,152.1,147.6,152.5,155.9,164.5,162.1,162.4,167.5,166.2,173.0,172.3,168.3
Construction,632.3,634.3,638.9,664.1,724.4,782.3,811.1,813.7,789.2,773.7,742.4,703.1,636.8,641.3,645.0,672.4,734.6,768.7,807.2,822.3,792.0,795.4,776.7,739.2,683.7,685.1,684.6,706.1,766.9,809.1,834.2,832.0,811.9,810.4,808.6,774.0,717.1,729.5,731.9,751.8,819.6,848.0,887.1,876.1,865.1,835.8,830.4,790.3,728.9,747.3,752.9,780.3,842.4,877.7,892.5,886.1,872.0,857.6,832.1,801.1,753.8,764.2,762.8,786.2,873.6,914.0,945.1,947.9,927.8,926.1,888.3,866.3,803.7,807.5,823.9,831.3,901.8,962.6,996.2,"1,002.8",980.3,961.3,942.3,913.0,836.3,827.1,838.5,870.2,949.7,"1,007.6","1,047.0","1,046.0","1,013.0","1,026.0","1,007.4",980.2,914.6,893.1,904.5,952.3,"1,014.7","1,081.2","1,080.5","1,119.0","1,096.3","1,083.9","1,088.9","1,036.6",980.9,991.2,"1,005.9","1,028.8","1,125.0","1,137.1","1,180.6","1,170.7","1,158.5","1,155.8","1,147.5","1,113.1","1,055.0","1,057.2","1,054.1","1,100.6","1,179.4","1,208.1","1,257.6","1,246.3","1,212.6","1,214.2","1,214.0","1,164.4","1,113.8","1,129.6","1,141.6","1,191.2","1,263.6","1,307.2","1,346.3","1,356.1","1,328.2","1,324.1","1,309.2","1,220.9","1,125.5","1,106.8","1,102.3","1,115.0","1,195.4","1,249.8","1,287.0","1,273.4","1,262.8","1,262.3","1,235.3","1,178.5","1,104.9","1,097.7","1,111.1","1,177.9","1,246.9","1,299.9","1,320.8","1,338.3","1,315.0","1,314.2","1,303.0","1,235.3","1,163.0","1,176.9","1,179.7","1,220.2","1,319.3","1,346.9","1,401.2","1,412.2","1,387.9","1,384.6","1,348.2","1,274.5","1,190.4","1,208.4","1,203.6","1,255.5","1,344.7","1,383.5","1,427.0","1,416.3","1,398.7","1,381.3","1,364.4","1,317.7","1,246.2","1,258.7","1,259.3","1,317.4","1,406.0","1,434.4","1,463.6","1,461.2","1,433.2","1,437.9","1,398.8","1,338.4","1,261.8","1,257.5","1,269.6","1,284.2","1,371.4","1,433.1","1,445.1","1,443.2","1,445.2","1,424.9","1,400.3","1,345.5","1,261.5","1,265.0","1,260.8","1,287.7","1,361.4","1,412.9","1,432.7","1,440.1","1,426.0","1,394.9","1,379.3","1,322.7","1,239.4","1,266.1","1,263.4","1,294.5","1,408.9","1,427.6","1,457.5","1,466.6","1,448.6","1,464.1","1,424.9","1,362.2","1,293.9","1,298.0","1,297.0","1,336.5","1,423.9","1,466.5","1,496.7","1,500.1","1,486.4","1,506.1","1,484.3","1,444.5","1,338.9","1,341.0","1,362.3","1,366.2","1,428.7","1,481.9","1,499.0","1,507.4","1,513.5","1,490.9","1,487.7","1,420.5","1,323.8","1,333.2","1,342.6","1,398.9","1,464.0","1,501.0","1,552.5","1,575.9","1,581.2","1,558.5","1,538.2","1,497.1","1,403.6","1,411.1","1,384.3","1,134.4","1,304.1","1,459.1","1,484.3","1,510.1","1,507.7","1,488.5","1,463.0","1,420.1","1,357.6","1,357.4","1,376.8","1,417.0","1,468.0","1,494.2","1,543.8","1,548.2","1,528.3","1,509.4","1,485.7","1,446.4","1,389.0","1,436.6","1,454.7","1,490.0","1,576.2","1,610.7","1,652.9","1,640.8","1,611.2","1,619.1","1,586.8","1,563.8","1,511.6","1,519.4","1,523.3","1,561.6","1,640.1","1,660.5","1,652.1","1,673.2","1,629.7","1,640.1","1,629.5","1,571.3","1,491.0","1,524.6","1,554.7","1,580.5","1,610.2","1,627.9","1,673.3","1,676.3","1,655.6","1,657.2","1,637.9","1,598.6","1,552.2","1,571.6","1,578.8","1,609.5","1,651.9","1,694.5","1,693.7","1,709.2","1,667.0","1,647.1","1,630.3","1,597.1"
Manufacturing,"1,905.2","1,918.0","1,940.5","1,960.3","2,016.0","2,068.8","2,079.7","2,105.8","2,073.1","2,074.1","2,058.8","2,052.6","2,007.5","2,034.8","2,041.6","2,062.6","2,111.5","2,155.6","2,169.0","2,182.0","2,129.4","2,131.9","2,119.4","2,089.4","2,061.4","2,080.2","2,101.1","2,120.9","2,182.9","2,234.6","2,265.6","2,272.8","2,242.0","2,252.3","2,218.1","2,202.0","2,175.0","2,165.2","2,179.5","2,209.8","2,267.1","2,289.4","2,284.9","2,301.9","2,260.4","2,272.5","2,252.4","2,249.3","2,200.2","2,181.4","2,197.2","2,208.3","2,246.8","2,259.3","2,277.1","2,290.0","2,244.5","2,229.1","2,174.9","2,155.6","2,141.5","2,183.5","2,215.4","2,221.4","2,283.7","2,343.2","2,366.5","2,410.1","2,350.6","2,328.9","2,333.1","2,289.1","2,245.2","2,263.8","2,231.6","2,247.3","2,294.3","2,316.6","2,342.9","2,346.9","2,273.5","2,263.4","2,269.0","2,233.8","2,212.3","2,240.5","2,255.7","2,282.6","2,328.7","2,355.3","2,376.2","2,378.2","2,319.8","2,310.3","2,273.4","2,233.0","2,222.5","2,201.3","2,207.7","2,194.3","2,220.6","2,260.9","2,256.8","2,255.3","2,185.8","2,165.0","2,154.1","2,115.9","2,026.5","2,069.4","2,074.7","2,090.7","2,119.5","2,136.9","2,125.0","2,136.5","2,094.3","2,084.9","2,074.5","2,051.5","2,007.2","1,995.9","1,983.4","1,980.4","2,030.9","2,059.3","2,073.0","2,087.8","2,016.9","1,999.7","1,970.0","1,929.0","1,899.7","1,885.9","1,890.8","1,902.3","1,964.2","1,990.4","1,965.1","1,992.6","1,930.7","1,904.8","1,870.0","1,856.0","1,745.8","1,739.3","1,746.7","1,750.4","1,765.1","1,780.2","1,780.3","1,791.9","1,778.2","1,773.2","1,763.7","1,741.7","1,694.0","1,705.5","1,687.3","1,700.5","1,736.6","1,768.9","1,781.7","1,775.7","1,746.4","1,745.4","1,740.2","1,738.2","1,700.8","1,716.8","1,716.9","1,727.7","1,770.9","1,771.3","1,774.7","1,774.1","1,748.2","1,725.2","1,720.5","1,721.7","1,690.7","1,695.4","1,716.9","1,743.1","1,784.6","1,815.8","1,837.0","1,838.0","1,800.5","1,785.9","1,771.9","1,766.9","1,714.4","1,720.5","1,709.8","1,726.7","1,758.0","1,767.3","1,787.8","1,775.7","1,730.8","1,736.7","1,740.9","1,724.4","1,678.6","1,679.1","1,682.5","1,696.5","1,726.9","1,764.4","1,783.4","1,783.6","1,746.3","1,749.5","1,738.3","1,718.4","1,681.4","1,675.7","1,676.6","1,696.7","1,755.9","1,771.8","1,787.0","1,786.9","1,746.7","1,741.6","1,760.5","1,743.5","1,716.6","1,712.0","1,695.3","1,696.6","1,730.6","1,744.0","1,763.1","1,775.0","1,749.8","1,722.4","1,712.4","1,716.9","1,692.0","1,696.6","1,700.3","1,726.8","1,774.2","1,799.8","1,830.0","1,816.1","1,771.9","1,780.6","1,800.5","1,798.4","1,774.6","1,758.0","1,765.0","1,777.9","1,813.1","1,825.0","1,815.9","1,805.2","1,766.3","1,775.8","1,762.9","1,773.8","1,734.1","1,725.5","1,722.9","1,751.5","1,800.9","1,805.1","1,804.5","1,806.4","1,766.5","1,739.2","1,716.0","1,713.7","1,710.9","1,727.5","1,694.1","1,442.2","1,555.1","1,640.1","1,690.0","1,720.0","1,737.9","1,736.8","1,746.5","1,752.6","1,722.8","1,734.9","1,741.4","1,747.9","1,758.9","1,774.6","1,761.9","1,769.2","1,748.3","1,756.9","1,786.2","1,781.4","1,752.7","1,770.4","1,775.8","1,788.9","1,793.3","1,828.0","1,846.6","1,833.3","1,782.4","1,799.2","1,803.6","1,800.4","1,786.5","1,808.5","1,804.3","1,812.5","1,862.4","1,897.0","1,915.1","1,876.9","1,842.0","1,822.1","1,857.0","1,838.2","1,813.3","1,812.5","1,826.4","1,838.9","1,869.2","1,898.9","1,891.6","1,895.1","1,839.9","1,844.4","1,826.5","1,828.5","1,846.4","1,849.7","1,843.6","1,818.5","1,835.6","1,880.5","1,885.7","1,857.1","1,836.7","1,844.1","1,838.5","1,830.5"
Durables,"1,097.2","1,089.3","1,105.4","1,123.4","1,152.8","1,189.0","1,188.2","1,193.5","1,186.9","1,187.3","1,182.3","1,182.1","1,150.8","1,173.3","1,149.1","1,156.7","1,192.4","1,213.4","1,217.9","1,222.4","1,220.0","1,217.9","1,205.7","1,196.2","1,175.7","1,204.9","1,209.0","1,226.7","1,245.3","1,277.5","1,301.6","1,312.6","1,293.6","1,303.1","1,315.1","1,295.0","1,297.2","1,277.5","1,297.0","1,329.0","1,350.3","1,372.6","1,363.0","1,370.5","1,367.8","1,380.9","1,372.2","1,345.0","1,322.3","1,320.3","1,340.2","1,314.3","1,344.8","1,333.3","1,366.0","1,355.0","1,333.6","1,320.4","1,297.2","1,304.8","1,276.2","1,306.4","1,341.3","1,342.0","1,365.0","1,397.7","1,401.2","1,451.0","1,392.9","1,374.1","1,400.0","1,371.0","1,348.9","1,366.2","1,352.5","1,358.5","1,350.3","1,365.3","1,370.2","1,354.1","1,321.8","1,309.5","1,301.4","1,261.8","1,267.7","1,316.3","1,324.1","1,355.2","1,364.5","1,383.1","1,382.8","1,397.8","1,380.7","1,375.3","1,393.6","1,364.3","1,362.0","1,330.0","1,333.6","1,330.8","1,319.9","1,338.0","1,320.4","1,304.2","1,262.3","1,276.2","1,281.1","1,261.5","1,211.5","1,259.3","1,277.0","1,292.7","1,295.7","1,317.8","1,295.4","1,308.1","1,271.4","1,255.7","1,268.2","1,239.4","1,218.8","1,227.5","1,203.3","1,206.0","1,238.5","1,248.8","1,252.0","1,250.4","1,189.3","1,188.2","1,160.6","1,134.3","1,120.2","1,114.4","1,143.5","1,152.3","1,190.0","1,196.3","1,165.7","1,184.4","1,142.5","1,127.1","1,097.3","1,088.7","1,001.0",981.7,996.8,"1,003.0","1,014.3","1,047.3","1,048.1","1,069.3","1,052.0","1,058.7","1,040.5","1,025.6","1,001.1","1,007.1",988.6,998.8,"1,008.6","1,010.7","1,031.4","1,028.4","1,010.6","1,011.9","1,016.4","1,008.3",973.2,992.2,"1,013.7","1,034.6","1,041.3","1,032.4","1,043.9","1,049.2","1,053.7","1,042.3","1,045.6","1,018.4",982.8,"1,012.1","1,022.2","1,045.5","1,079.1","1,131.8","1,128.5","1,123.3","1,097.2","1,080.4","1,072.8","1,052.2","1,027.6","1,053.4","1,035.3","1,044.3","1,068.5","1,063.5","1,053.4","1,041.4","1,004.0","1,036.8","1,029.2","1,015.8",974.1,986.6,"1,008.1","1,024.5","1,017.9","1,070.2","1,072.4","1,073.4","1,062.3","1,059.2","1,079.4","1,046.5","1,014.6","1,005.7",984.8,999.2,"1,035.3","1,051.7","1,079.6","1,073.2","1,050.9","1,061.7","1,081.0","1,078.7","1,056.4","1,085.5","1,066.9","1,076.1","1,050.5","1,058.1","1,059.2","1,075.9","1,048.9","1,012.7","1,023.5","1,021.3","1,019.8","1,017.2","1,028.7","1,038.1","1,067.3","1,078.3","1,079.6","1,088.1","1,089.1","1,090.7","1,107.9","1,110.2","1,080.7","1,072.8","1,073.7","1,066.8","1,102.8","1,110.6","1,081.5","1,082.1","1,058.6","1,054.5","1,058.1","1,057.8","1,036.8","1,029.0","1,044.8","1,048.8","1,061.9","1,080.1","1,075.6","1,077.0","1,060.8","1,061.6","1,047.3","1,062.9","1,033.9","1,044.1","1,026.7",806.6,905.4,949.3,"1,024.3","1,023.8","1,054.9","1,019.8","1,033.1","1,036.8","1,008.2","1,044.3","1,034.8","1,053.5","1,066.3","1,036.9","1,061.9","1,054.1","1,032.7","1,026.7","1,040.9","1,053.9","1,037.6","1,032.6","1,056.3","1,060.9","1,043.3","1,093.5","1,102.9","1,100.9","1,080.4","1,082.7","1,097.3","1,072.9","1,061.0","1,082.9","1,098.7","1,083.0","1,109.3","1,140.9","1,174.6","1,145.2","1,138.5","1,135.2","1,167.4","1,125.5","1,118.0","1,138.0","1,123.8","1,142.6","1,136.3","1,146.7","1,155.1","1,167.9","1,118.3","1,118.4","1,112.4","1,104.2","1,091.3","1,094.4","1,114.7","1,086.6","1,088.1","1,127.9","1,142.7","1,123.5","1,104.5","1,131.8","1,121.5","1,122.5"
Non-durables,808.1,828.6,835.1,837.0,863.3,879.8,891.5,912.3,886.2,886.9,876.5,870.5,856.8,861.5,892.5,905.9,919.2,942.2,951.1,959.6,909.3,914.0,913.7,893.2,885.7,875.3,892.1,894.2,937.6,957.2,964.0,960.2,948.4,949.2,903.0,906.9,877.7,887.7,882.5,880.8,916.8,916.8,921.8,931.4,892.6,891.6,880.2,904.4,877.9,861.1,857.0,894.0,902.0,926.0,911.1,935.0,910.9,908.8,877.8,850.8,865.3,877.0,874.1,879.4,918.7,945.5,965.3,959.1,957.6,954.8,933.2,918.1,896.3,897.6,879.1,888.7,944.0,951.4,972.7,992.8,951.8,953.9,967.7,972.1,944.6,924.2,931.5,927.4,964.2,972.1,993.4,980.4,939.1,935.0,879.8,868.7,860.5,871.3,874.0,863.6,900.7,922.9,936.4,951.1,923.5,888.8,873.0,854.4,814.9,810.1,797.7,798.0,823.8,819.1,829.6,828.4,822.9,829.3,806.3,812.0,788.4,768.4,780.1,774.4,792.4,810.5,821.0,837.4,827.6,811.5,809.4,794.6,779.5,771.5,747.3,750.0,774.2,794.1,799.3,808.2,788.1,777.7,772.7,767.3,744.8,757.6,749.9,747.4,750.8,732.9,732.2,722.6,726.2,714.5,723.2,716.1,692.9,698.5,698.7,701.7,727.9,758.2,750.3,747.3,735.8,733.6,723.8,729.9,727.6,724.6,703.2,693.1,729.6,739.0,730.8,724.9,694.5,682.9,674.9,703.3,707.8,683.3,694.6,697.6,705.5,683.9,708.5,714.7,703.3,705.5,699.1,714.7,686.8,667.1,674.5,682.5,689.6,703.8,734.4,734.3,726.8,699.9,711.7,708.6,704.5,692.5,674.4,672.0,709.0,694.1,711.0,710.2,684.0,690.3,658.9,672.0,666.8,670.0,691.8,697.5,720.7,720.1,707.4,713.7,695.8,679.9,679.5,664.9,660.1,626.6,628.4,620.5,680.1,685.9,703.9,699.1,701.0,709.8,689.0,695.6,672.2,679.4,671.6,688.7,706.9,721.6,750.4,728.0,682.7,689.9,692.6,688.2,693.9,685.2,691.3,711.2,710.4,714.4,734.4,723.0,707.8,721.2,704.8,716.0,697.3,696.5,678.1,702.6,739.0,725.1,729.0,729.4,705.7,677.5,668.7,650.9,677.0,683.3,667.3,635.6,649.7,690.8,665.7,696.1,683.0,717.0,713.4,715.7,714.6,690.6,706.6,694.4,692.6,737.6,700.0,715.1,715.6,730.2,745.3,727.5,715.1,737.7,719.4,727.9,750.0,734.6,743.7,732.5,702.0,716.5,706.4,727.5,725.5,725.6,705.6,729.5,753.1,756.1,740.4,731.6,703.5,687.0,689.6,712.7,695.3,674.6,702.5,696.3,732.9,752.2,736.4,727.2,721.6,726.0,714.1,724.3,755.1,755.3,728.8,731.9,747.5,752.6,743.0,733.6,732.2,712.3,717.0,708.0
Services-producing sector,"9,826.3","9,882.4","9,931.0","9,953.5","10,161.0","10,319.5","10,334.6","10,354.2","10,199.6","10,220.4","10,208.9","10,232.8","10,055.9","10,142.6","10,181.5","10,227.6","10,399.4","10,542.7","10,569.3","10,551.0","10,450.3","10,463.2","10,475.0","10,500.8","10,380.2","10,432.5","10,462.2","10,524.4","10,710.4","10,832.0","10,860.8","10,835.0","10,702.8","10,725.8","10,728.6","10,794.2","10,635.9","10,730.8","10,769.2","10,797.2","11,000.3","11,112.9","11,118.5","11,104.2","10,986.6","11,032.8","11,036.4","11,082.2","10,911.1","10,959.9","10,982.1","11,041.6","11,254.7","11,329.7","11,339.4","11,307.9","11,173.6","11,213.4","11,243.5","11,234.2","11,108.3","11,134.4","11,192.4","11,272.9","11,464.6","11,584.2","11,587.6","11,597.1","11,455.7","11,490.8","11,512.8","11,584.9","11,438.5","11,527.6","11,576.8","11,602.9","11,758.5","11,928.2","11,868.8","11,829.1","11,736.7","11,818.8","11,826.3","11,884.2","11,709.0","11,754.3","11,737.1","11,799.6","11,982.2","12,125.1","12,066.6","12,010.3","11,934.5","11,970.1","11,992.2","12,016.9","11,834.8","11,946.7","11,925.3","11,974.8","12,205.2","12,271.4","12,286.3","12,229.9","12,113.1","12,213.5","12,227.5","12,246.6","12,178.1","12,185.3","12,219.2","12,266.6","12,550.0","12,662.0","12,609.7","12,547.2","12,408.2","12,492.7","12,471.7","12,534.8","12,437.6","12,530.1","12,588.5","12,618.7","12,830.6","12,971.7","12,957.4","12,905.4","12,790.7","12,897.7","12,916.3","12,958.1","12,803.5","12,894.5","12,885.0","12,906.2","13,086.5","13,221.2","13,137.9","13,086.4","12,990.7","13,086.0","13,013.3","13,027.1","12,834.0","12,886.2","12,850.9","12,918.6","13,130.2","13,227.8","13,109.5","13,085.5","12,972.5","13,012.0","13,074.7","13,065.0","12,948.1","12,991.0","13,017.7","13,113.1","13,314.4","13,508.8","13,396.9","13,369.0","13,269.5","13,282.0","13,297.7","13,327.0","13,219.4","13,254.3","13,226.9","13,323.6","13,474.7","13,631.6","13,546.8","13,514.5","13,397.2","13,407.8","13,397.7","13,419.9","13,269.1","13,304.6","13,351.0","13,460.9","13,621.2","13,718.5","13,612.3","13,623.6","13,542.3","13,587.3","13,616.2","13,650.6","13,536.2","13,625.9","13,576.0","13,631.5","13,861.6","13,951.5","13,811.0","13,834.0","13,762.7","13,747.3","13,752.5","13,734.8","13,611.0","13,647.4","13,680.8","13,728.3","13,938.5","14,051.5","13,973.7","13,910.9","13,843.1","13,896.3","13,866.9","13,878.7","13,749.3","13,830.3","13,859.7","13,863.2","14,088.5","14,194.8","14,079.3","14,088.6","13,999.0","14,077.1","13,982.0","13,970.7","13,833.0","13,885.0","13,930.1","13,984.9","14,238.7","14,365.1","14,207.0","14,193.5","14,143.6","14,204.5","14,229.8","14,252.4","14,172.9","14,218.4","14,261.2","14,272.6","14,558.5","14,685.2","14,577.5","14,572.2","14,488.4","14,528.0","14,573.0","14,612.6","14,449.1","14,475.5","14,516.1","14,560.9","14,789.8","14,905.8","14,902.6","14,815.7","14,755.4","14,825.3","14,861.9","14,882.2","14,781.9","14,871.8","14,871.1","14,976.8","15,200.7","15,306.7","15,164.3","15,174.6","15,129.2","15,189.3","15,132.8","15,184.1","15,016.6","15,061.2","14,014.5","12,674.7","12,992.2","13,974.8","14,187.5","14,352.5","14,649.0","14,745.4","14,735.0","14,633.9","14,253.7","14,570.3","14,789.0","14,621.2","14,813.2","15,210.8","15,147.8","15,168.5","15,277.0","15,370.9","15,479.3","15,510.2","15,094.5","15,461.0","15,472.9","15,544.7","15,851.5","15,895.7","15,726.5","15,669.9","15,664.9","15,763.4","15,803.5","15,831.2","15,782.0","15,851.7","15,944.3","15,997.5","16,198.2","16,350.8","16,209.3","16,220.9","16,236.6","16,305.6","16,290.1","16,316.3","16,239.3","16,324.6","16,316.9","16,449.8","16,690.0","16,752.4","16,561.8","16,534.4","16,591.1","16,615.8","16,649.2","16,702.1","16,574.5","16,652.1","16,636.3","16,744.4","16,953.8","17,126.1","16,886.8","16,772.1","16,782.1","16,883.2","16,905.6","16,900.8"
Wholesale and retail trade,"2,075.3","2,061.1","2,074.8","2,087.9","2,116.5","2,135.9","2,167.0","2,165.5","2,137.3","2,142.6","2,129.6","2,142.1","2,065.5","2,049.8","2,077.5","2,093.8","2,121.0","2,133.9","2,174.8","2,170.3","2,142.6","2,159.2","2,198.2","2,214.4","2,149.9","2,146.4","2,157.9","2,188.3","2,214.2","2,238.8","2,257.5","2,263.4","2,230.2","2,239.6","2,251.3","2,288.1","2,203.9","2,230.9","2,247.5","2,258.6","2,300.5","2,295.3","2,325.7","2,355.2","2,327.3","2,327.9","2,336.8","2,387.5","2,329.3","2,294.9","2,281.9","2,301.6","2,357.9","2,361.8","2,405.8","2,388.5","2,366.2","2,387.4","2,438.5","2,435.3","2,333.4","2,328.4","2,355.3","2,375.2","2,418.3","2,400.2","2,420.3","2,429.4","2,393.1","2,417.7","2,437.4","2,473.3","2,403.9","2,399.2","2,408.5","2,437.6","2,450.7","2,473.5","2,481.9","2,492.0","2,462.8","2,503.5","2,528.5","2,534.2","2,461.9","2,445.4","2,461.2","2,456.8","2,481.5","2,496.0","2,519.4","2,508.6","2,507.8","2,531.5","2,569.2","2,569.6","2,522.4","2,514.7","2,529.0","2,510.3","2,584.3","2,568.5","2,607.4","2,585.2","2,542.5","2,594.5","2,627.8","2,645.9","2,578.5","2,583.5","2,587.6","2,628.8","2,667.6","2,652.5","2,659.4","2,642.7","2,628.7","2,646.2","2,676.0","2,681.2","2,605.5","2,608.8","2,628.0","2,643.7","2,692.0","2,678.8","2,722.9","2,692.1","2,637.2","2,669.4","2,713.2","2,742.2","2,630.9","2,652.3","2,648.3","2,661.3","2,681.9","2,705.9","2,715.7","2,688.4","2,649.0","2,678.4","2,708.3","2,727.8","2,639.3","2,611.1","2,609.7","2,638.1","2,675.0","2,653.5","2,681.1","2,680.5","2,614.3","2,653.5","2,685.7","2,740.9","2,655.3","2,633.1","2,645.0","2,673.1","2,721.2","2,756.2","2,741.8","2,745.3","2,689.7","2,692.6","2,729.9","2,761.9","2,684.3","2,640.5","2,624.1","2,643.7","2,685.2","2,701.0","2,725.0","2,736.1","2,686.0","2,686.2","2,695.3","2,698.5","2,634.7","2,597.1","2,602.9","2,651.3","2,679.1","2,682.5","2,677.0","2,705.9","2,674.0","2,696.1","2,705.8","2,757.8","2,712.8","2,686.6","2,677.2","2,698.3","2,752.4","2,774.2","2,788.2","2,773.4","2,749.7","2,748.4","2,756.1","2,783.4","2,729.6","2,733.8","2,744.0","2,767.4","2,794.6","2,800.2","2,822.3","2,812.9","2,763.4","2,784.6","2,783.8","2,810.1","2,749.8","2,736.8","2,751.6","2,728.4","2,769.9","2,780.7","2,806.1","2,803.5","2,756.3","2,783.7","2,785.8","2,785.6","2,713.8","2,733.4","2,744.7","2,783.5","2,793.3","2,808.6","2,820.4","2,826.3","2,768.6","2,812.7","2,821.3","2,865.1","2,788.4","2,807.1","2,826.6","2,825.6","2,891.4","2,895.1","2,925.6","2,922.4","2,867.9","2,864.8","2,930.6","2,947.3","2,860.7","2,855.9","2,856.8","2,850.9","2,864.6","2,883.0","2,912.9","2,890.0","2,868.7","2,903.3","2,928.5","2,923.8","2,877.2","2,869.1","2,902.2","2,925.5","2,975.1","2,955.7","2,951.3","2,949.1","2,914.1","2,928.1","2,943.2","2,975.8","2,904.1","2,920.4","2,722.5","2,318.8","2,445.3","2,683.6","2,803.9","2,830.7","2,815.5","2,869.0","2,907.3","2,928.4","2,672.6","2,779.4","2,864.3","2,799.7","2,791.8","2,886.0","2,913.2","2,911.3","2,891.8","2,973.9","3,019.1","3,053.9","2,936.7","2,962.5","3,001.1","3,016.5","3,080.8","3,017.7","3,021.0","3,003.5","2,950.3","2,949.1","2,970.4","2,964.0","2,934.6","2,932.1","2,953.0","2,993.1","3,009.1","3,031.9","3,031.5","3,040.6","2,981.0","2,982.9","2,990.3","2,993.4","2,945.3","2,926.3","2,919.4","2,947.8","2,969.0","2,950.6","2,917.3","2,943.3","2,909.8","2,917.3","2,966.3","2,971.9","2,916.3","2,969.0","2,944.8","2,943.9","3,018.4","3,053.0","3,040.3","3,045.1","2,968.2","3,023.7","3,007.0","3,009.3"
Wholesale trade,442.3,433.1,441.3,441.2,456.2,458.9,465.1,471.5,463.9,471.5,469.1,455.6,444.2,447.2,453.0,458.6,472.6,475.4,479.8,479.5,460.1,454.7,450.3,447.9,460.1,488.6,501.1,511.9,536.0,533.5,550.4,540.5,542.2,545.8,547.3,548.1,540.0,558.1,550.9,558.9,555.0,559.4,566.9,555.3,552.3,522.1,535.4,523.9,513.4,535.6,536.8,541.7,555.6,555.4,570.6,564.8,558.3,560.9,582.2,574.2,556.8,544.3,550.7,551.3,542.6,547.8,558.3,565.6,534.2,534.9,541.7,543.6,562.0,569.9,561.8,584.3,579.8,579.7,587.7,581.9,582.0,578.6,561.7,559.1,554.8,549.3,561.9,567.8,560.8,578.4,604.4,587.9,589.8,625.2,617.8,589.9,600.5,607.0,618.3,591.3,600.2,595.1,622.2,602.5,595.6,602.0,623.8,626.7,607.8,620.4,628.7,626.5,639.0,621.6,621.1,629.0,593.5,595.5,575.4,589.1,594.0,598.2,604.3,635.5,623.5,632.8,644.5,628.6,630.2,620.1,623.0,619.9,618.3,621.2,620.7,620.2,603.6,625.3,627.8,649.8,638.4,627.1,643.7,643.3,643.9,647.3,619.0,643.6,642.2,636.1,640.9,631.3,604.4,626.5,611.4,619.1,601.5,597.8,616.7,620.6,632.7,635.2,653.9,641.5,635.5,641.0,650.5,660.9,643.2,628.3,627.5,627.9,633.3,639.6,635.4,654.2,635.7,613.8,616.4,613.3,593.0,593.9,605.7,612.5,614.1,627.4,610.5,624.4,610.4,629.4,611.3,625.4,612.2,618.6,625.4,622.0,627.2,612.7,620.6,622.0,602.7,622.0,606.0,615.5,630.8,629.3,615.7,596.7,615.9,629.2,640.5,644.2,651.0,667.9,679.6,672.5,670.3,663.9,682.7,663.6,691.1,684.3,690.0,689.7,680.0,697.5,685.4,683.4,680.3,682.9,673.6,694.1,711.1,697.7,691.3,688.2,682.1,712.7,699.2,700.8,717.9,723.0,723.3,714.5,697.3,685.7,678.3,672.4,663.9,672.0,690.5,716.3,694.2,684.7,706.4,721.0,688.8,682.5,660.5,651.6,650.7,651.4,659.3,670.2,651.2,636.2,654.0,652.3,659.3,663.6,697.2,693.0,680.9,673.5,671.0,659.8,634.4,629.1,642.1,567.0,587.4,641.0,647.8,645.5,643.9,672.4,672.8,669.7,638.4,634.3,631.6,620.6,639.4,629.4,674.4,675.7,691.4,687.5,688.8,679.5,670.1,691.3,685.1,686.5,681.2,692.9,697.2,685.9,685.8,696.9,717.1,689.6,678.7,676.4,695.2,714.4,689.3,708.7,722.3,716.8,691.4,705.3,691.2,698.8,704.9,710.6,708.4,721.4,747.1,732.5,736.2,723.2,697.9,696.1,697.6,703.7,674.5,705.2,685.5,687.4,733.5,727.9,719.0,751.2,751.8,753.1,741.6,726.2
Retail trade,"1,633.0","1,628.0","1,633.5","1,646.7","1,660.3","1,676.9","1,701.9","1,694.0","1,673.4","1,671.1","1,660.6","1,686.6","1,621.3","1,602.6","1,624.5","1,635.2","1,648.3","1,658.5","1,695.0","1,690.7","1,682.5","1,704.5","1,747.9","1,766.5","1,689.8","1,657.8","1,656.8","1,676.3","1,678.2","1,705.3","1,707.0","1,722.9","1,688.0","1,693.8","1,704.1","1,740.0","1,663.8","1,672.8","1,696.6","1,699.7","1,745.5","1,735.9","1,758.8","1,799.9","1,775.0","1,805.7","1,801.4","1,863.7","1,815.9","1,759.3","1,745.1","1,759.9","1,802.3","1,806.4","1,835.1","1,823.8","1,807.9","1,826.6","1,856.3","1,861.1","1,776.6","1,784.1","1,804.7","1,823.9","1,875.7","1,852.4","1,862.0","1,863.9","1,858.9","1,882.8","1,895.7","1,929.7","1,841.9","1,829.3","1,846.7","1,853.3","1,870.9","1,893.8","1,894.2","1,910.1","1,880.8","1,924.9","1,966.8","1,975.1","1,907.2","1,896.1","1,899.2","1,888.9","1,920.7","1,917.6","1,915.0","1,920.7","1,917.9","1,906.4","1,951.4","1,979.8","1,921.9","1,907.7","1,910.7","1,918.9","1,984.1","1,973.3","1,985.2","1,982.7","1,946.9","1,992.5","2,004.0","2,019.2","1,970.7","1,963.1","1,958.8","2,002.3","2,028.6","2,030.9","2,038.3","2,013.7","2,035.2","2,050.7","2,100.6","2,092.0","2,011.5","2,010.6","2,023.7","2,008.2","2,068.5","2,046.0","2,078.4","2,063.6","2,007.0","2,049.3","2,090.1","2,122.3","2,012.6","2,031.1","2,027.6","2,041.0","2,078.4","2,080.6","2,087.9","2,038.6","2,010.6","2,051.3","2,064.6","2,084.6","1,995.4","1,963.8","1,990.6","1,994.5","2,032.8","2,017.4","2,040.2","2,049.2","2,009.9","2,027.0","2,074.4","2,121.8","2,053.8","2,035.4","2,028.3","2,052.5","2,088.5","2,121.0","2,087.9","2,103.8","2,054.1","2,051.6","2,079.4","2,101.0","2,041.1","2,012.2","1,996.6","2,015.8","2,051.9","2,061.4","2,089.5","2,081.9","2,050.3","2,072.4","2,078.9","2,085.1","2,041.7","2,003.2","1,997.2","2,038.7","2,065.0","2,055.1","2,066.5","2,081.4","2,063.7","2,066.7","2,094.4","2,132.4","2,100.6","2,068.1","2,051.8","2,076.3","2,125.1","2,161.5","2,167.5","2,151.4","2,147.0","2,126.4","2,150.1","2,167.9","2,098.7","2,104.5","2,128.3","2,170.7","2,178.7","2,171.0","2,181.8","2,168.7","2,112.4","2,116.7","2,104.2","2,137.7","2,079.5","2,072.9","2,068.9","2,064.7","2,078.8","2,096.4","2,116.2","2,113.8","2,076.2","2,086.2","2,100.4","2,102.3","2,033.5","2,050.4","2,071.1","2,089.3","2,082.1","2,111.0","2,129.0","2,138.1","2,086.5","2,099.9","2,122.1","2,164.3","2,070.5","2,084.1","2,103.2","2,111.1","2,194.1","2,209.4","2,247.3","2,250.0","2,204.0","2,192.9","2,240.1","2,231.0","2,166.5","2,171.3","2,150.4","2,129.9","2,175.9","2,200.5","2,252.3","2,238.5","2,218.0","2,251.9","2,269.2","2,253.6","2,225.9","2,232.9","2,248.2","2,273.2","2,315.9","2,292.1","2,254.0","2,256.1","2,233.2","2,254.6","2,272.2","2,316.0","2,269.7","2,291.3","2,080.4","1,751.9","1,857.9","2,042.7","2,156.1","2,185.3","2,171.6","2,196.6","2,234.5","2,258.7","2,034.2","2,145.1","2,232.7","2,179.1","2,152.4","2,256.5","2,238.8","2,235.6","2,200.4","2,286.4","2,330.3","2,374.4","2,266.6","2,271.2","2,315.9","2,330.0","2,399.6","2,324.8","2,323.8","2,317.7","2,264.5","2,252.2","2,253.3","2,274.4","2,255.9","2,255.7","2,257.8","2,278.8","2,319.9","2,323.2","2,309.3","2,323.8","2,289.6","2,277.5","2,299.1","2,294.6","2,240.4","2,215.7","2,211.0","2,226.4","2,222.0","2,218.1","2,181.0","2,220.1","2,211.9","2,221.2","2,268.7","2,268.2","2,241.7","2,263.8","2,259.3","2,256.5","2,284.9","2,325.1","2,321.3","2,293.9","2,216.4","2,270.6","2,265.4","2,283.0"
Transportation and warehousing,665.3,669.8,672.4,669.1,685.1,704.1,697.3,717.1,717.4,711.4,709.6,705.2,704.6,714.7,704.9,701.0,714.9,726.4,707.3,710.4,723.6,728.8,711.2,710.6,700.2,703.2,710.5,714.8,737.6,755.2,749.3,750.4,753.9,756.6,758.5,753.7,759.5,769.4,762.9,759.2,783.1,789.9,774.6,768.6,767.8,777.7,785.7,777.2,771.3,773.9,773.3,774.1,793.6,799.9,783.0,797.4,785.0,776.9,757.0,748.9,728.4,741.4,725.0,744.4,755.4,766.0,765.9,758.1,790.8,772.8,776.9,769.9,769.5,770.4,767.7,775.9,782.8,805.3,784.4,788.1,799.8,806.6,798.5,805.3,804.2,801.6,794.9,798.0,812.7,835.4,822.7,807.5,814.0,799.5,790.7,780.8,778.6,784.9,761.3,769.4,811.6,808.2,807.6,813.0,817.8,806.7,805.9,787.1,799.2,804.7,798.8,785.8,800.1,821.6,805.6,810.6,807.2,805.0,800.4,807.6,809.3,828.4,819.5,824.0,836.6,858.6,855.7,852.6,864.7,858.2,878.1,879.5,882.2,882.6,877.0,863.8,865.4,874.2,867.0,877.9,881.9,874.9,856.0,867.2,838.3,839.3,829.7,828.0,822.4,833.4,817.5,815.0,815.4,820.0,821.3,810.2,786.7,791.2,778.4,778.0,809.3,816.4,799.1,813.2,826.7,826.3,824.2,835.7,821.3,830.1,827.7,815.2,825.5,849.4,844.4,844.3,852.3,858.8,854.5,863.8,857.9,843.5,836.7,853.5,860.2,856.9,848.1,859.5,875.4,866.3,862.5,874.2,862.3,877.3,866.0,880.7,873.4,885.9,867.3,882.3,896.6,885.3,884.9,887.9,876.7,875.8,863.0,873.5,885.7,906.0,884.9,893.2,919.2,915.4,905.8,903.8,888.6,886.4,900.5,898.2,903.9,926.2,895.4,904.4,916.6,920.5,914.3,904.4,893.5,895.6,907.2,901.6,915.6,924.3,908.7,909.4,922.1,917.3,914.8,908.2,912.0,912.5,912.1,906.7,945.5,939.7,942.7,947.9,963.1,968.8,947.8,953.5,943.5,953.9,945.6,959.4,988.2,999.1,965.0,988.3,994.6,"1,004.1","1,001.2","1,011.1","1,010.3","1,001.0","1,007.3","1,022.9","1,044.1","1,052.1","1,027.4","1,030.1","1,053.4","1,044.8","1,025.6","1,039.1","1,027.7","1,023.9",975.1,876.4,868.5,925.1,918.2,919.1,952.0,937.5,963.2,961.8,958.0,990.3,976.9,950.9,987.5,992.7,965.3,974.6,999.7,"1,009.6","1,018.6","1,016.3","1,008.8","1,011.8",975.4,970.9,985.2,"1,000.1","1,002.4",988.0,986.1,975.7,980.5,999.5,971.4,978.6,"1,003.3","1,014.2","1,029.7","1,051.4","1,026.5","1,036.0","1,068.0","1,069.7","1,082.5","1,073.5","1,078.9","1,093.5","1,082.9","1,100.7","1,087.3","1,083.0","1,077.0","1,082.6","1,113.0","1,090.3","1,065.7","1,084.4","1,084.9","1,060.5","1,067.4","1,089.4","1,071.5","1,083.0","1,088.6","1,066.5","1,082.3","1,104.9","1,098.5","1,096.6"
"Finance, insurance, real estate, rental and leasing",862.4,868.5,865.6,863.5,870.6,872.2,884.8,875.1,856.1,860.2,854.1,853.8,840.3,843.2,843.0,844.8,848.3,844.6,850.4,860.3,843.9,846.6,847.6,850.0,845.7,857.3,851.8,849.0,861.0,860.9,867.0,877.2,859.6,862.0,853.8,855.2,842.9,850.2,853.3,844.3,844.9,862.4,870.6,868.9,845.4,864.8,874.2,876.2,857.5,879.7,861.1,870.3,888.6,886.6,884.0,885.0,874.0,874.3,876.3,878.4,876.1,875.9,880.7,883.1,888.6,911.3,915.7,917.3,899.2,900.5,904.2,903.2,888.7,909.5,902.4,918.5,904.2,913.1,924.3,920.0,927.2,919.9,914.5,921.4,918.6,917.7,925.6,939.2,943.8,947.2,959.2,981.2,970.0,961.4,974.7,979.0,969.3,978.9,991.8,984.6,992.8,984.2,998.3,"1,006.8",961.8,979.1,964.4,991.0,973.5,982.4,995.4,996.0,"1,027.7","1,035.9","1,030.4","1,028.0","1,004.3","1,018.8","1,014.4","1,020.6","1,009.9","1,018.9","1,032.9","1,026.5","1,030.5","1,035.5","1,045.4","1,051.1","1,041.2","1,043.1","1,043.0","1,057.8","1,054.7","1,075.5","1,068.0","1,067.9","1,072.7","1,084.3","1,095.2","1,092.8","1,074.7","1,074.0","1,065.8","1,068.4","1,064.6","1,070.6","1,069.6","1,061.4","1,063.6","1,094.5","1,091.7","1,095.1","1,085.6","1,095.1","1,096.5","1,091.1","1,091.4","1,080.1","1,077.9","1,077.5","1,079.9","1,092.0","1,084.0","1,090.6","1,081.8","1,086.9","1,085.0","1,073.2","1,069.6","1,082.7","1,088.5","1,102.0","1,097.4","1,118.2","1,120.1","1,125.9","1,084.1","1,076.4","1,077.2","1,078.7","1,069.4","1,086.1","1,085.4","1,073.0","1,073.5","1,097.3","1,108.9","1,112.9","1,094.7","1,098.2","1,110.3","1,095.1","1,091.4","1,100.7","1,089.5","1,092.4","1,104.8","1,104.0","1,117.7","1,123.5","1,120.3","1,097.7","1,094.7","1,102.4","1,102.9","1,092.4","1,077.1","1,080.0","1,084.8","1,094.5","1,114.3","1,101.2","1,093.5","1,105.1","1,103.9","1,105.3","1,098.2","1,097.8","1,094.3","1,095.5","1,115.5","1,127.4","1,122.3","1,116.9","1,104.2","1,119.6","1,103.6","1,114.9","1,105.2","1,111.1","1,119.2","1,122.1","1,137.9","1,146.2","1,133.1","1,133.5","1,123.7","1,137.8","1,152.3","1,154.7","1,149.5","1,161.1","1,172.3","1,179.1","1,165.9","1,176.1","1,173.6","1,185.4","1,159.1","1,165.0","1,170.0","1,194.0","1,180.1","1,175.4","1,181.1","1,181.9","1,203.3","1,216.2","1,215.2","1,208.3","1,203.9","1,201.3","1,203.4","1,210.5","1,198.4","1,215.0","1,220.6","1,230.0","1,233.2","1,229.5","1,231.1","1,248.6","1,236.5","1,249.3","1,253.0","1,241.0","1,236.3","1,243.6","1,218.3","1,197.4","1,210.2","1,236.0","1,228.7","1,224.0","1,228.5","1,256.0","1,276.4","1,284.1","1,294.8","1,289.4","1,282.8","1,310.8","1,315.7","1,321.9","1,348.7","1,333.4","1,332.6","1,340.1","1,334.1","1,342.2","1,346.3","1,346.7","1,337.9","1,342.4","1,347.7","1,352.1","1,358.9","1,374.9","1,361.4","1,373.3","1,388.2","1,392.4","1,383.4","1,378.8","1,398.7","1,389.8","1,387.7","1,400.5","1,419.1","1,407.0","1,369.0","1,365.7","1,352.3","1,367.0","1,397.2","1,397.1","1,412.0","1,402.9","1,436.5","1,442.5","1,431.6","1,446.7","1,433.0","1,420.6","1,425.8","1,445.6","1,443.7","1,462.0","1,469.7","1,490.3","1,511.3","1,518.0","1,507.3","1,507.6","1,501.2","1,493.7","1,490.6","1,482.8"
Finance and insurance,613.3,616.5,611.0,617.3,622.1,621.2,637.3,640.8,628.6,630.7,628.2,631.8,603.9,604.6,596.7,591.2,583.5,589.4,602.6,605.1,590.3,593.5,598.6,594.3,599.3,603.6,607.3,602.1,616.8,613.1,614.1,625.8,620.0,630.6,619.7,612.1,603.0,603.6,600.2,590.1,592.5,603.9,613.4,602.4,594.0,612.3,635.6,644.8,631.5,639.5,631.8,643.6,650.8,646.0,645.9,639.5,623.5,619.7,627.8,621.6,633.8,635.6,644.7,651.7,653.1,667.1,669.2,664.7,659.6,655.1,649.6,644.5,642.2,643.5,651.3,658.2,652.4,653.9,648.2,644.8,644.5,645.6,638.4,633.8,649.5,650.8,650.1,670.2,662.3,674.9,670.1,693.0,686.7,687.7,701.4,707.9,714.7,712.1,710.3,688.2,689.9,686.8,704.2,714.9,688.9,714.0,690.5,718.9,699.6,719.4,708.1,721.7,729.9,735.0,728.5,710.9,701.0,717.1,709.1,703.9,721.1,726.1,735.9,726.4,724.4,723.4,733.8,744.0,739.8,741.7,755.4,762.1,751.8,766.3,752.5,752.3,773.6,768.6,807.0,804.8,795.7,789.3,768.7,769.4,761.7,768.5,763.3,756.9,740.8,763.4,757.2,763.2,767.4,773.7,767.4,772.3,775.5,767.4,758.4,762.1,766.4,792.3,789.7,780.0,764.2,777.2,782.5,754.1,737.3,760.2,750.7,765.0,753.4,764.1,763.1,770.5,755.2,741.2,758.9,770.2,763.0,777.8,792.0,770.3,778.1,786.8,781.7,792.5,779.7,776.5,787.2,765.1,778.9,780.7,769.4,782.6,786.9,789.5,808.4,807.9,804.6,783.4,781.2,799.4,785.3,780.1,768.6,774.2,773.7,790.8,793.6,795.4,786.2,808.5,818.9,820.3,803.7,797.6,773.8,778.1,801.8,797.4,801.7,801.0,792.2,815.8,793.1,781.4,794.7,807.4,810.5,821.3,830.5,827.6,811.4,811.6,807.5,814.0,835.6,843.7,839.3,850.0,850.4,847.9,826.2,834.5,825.0,835.7,824.6,829.8,823.5,831.0,828.6,817.1,825.9,820.8,842.6,862.3,868.2,854.0,859.3,863.9,865.1,870.7,850.4,863.7,848.1,856.7,855.5,857.2,866.3,891.9,863.6,882.4,890.2,883.4,884.2,894.9,891.7,918.0,902.7,911.0,914.2,913.6,921.5,918.0,940.6,943.5,960.5,952.1,941.9,949.2,962.2,961.1,979.1,973.4,984.7,966.2,966.9,969.7,968.7,978.7,987.4,997.1,"1,012.1",995.6,"1,000.7",995.2,975.9,990.0,"1,011.4","1,012.3","1,015.4","1,010.5","1,017.0","1,038.3","1,039.3","1,039.0","1,052.0","1,042.9",998.4,984.9,985.4,"1,022.6","1,028.8","1,029.7","1,034.0","1,005.6","1,045.4","1,039.7","1,044.5","1,044.1","1,037.0","1,025.1","1,033.1","1,051.2","1,060.5","1,072.9","1,079.9","1,106.6","1,112.9","1,119.7","1,100.9","1,096.3","1,091.2","1,071.2","1,064.0","1,071.6"
Real estate and rental and leasing,249.1,252.1,254.6,246.1,248.5,251.0,247.5,234.2,227.5,229.5,225.9,222.1,236.5,238.5,246.2,253.6,264.8,255.1,247.8,255.2,253.6,253.1,249.0,255.6,246.4,253.7,244.5,246.8,244.3,247.8,252.9,251.4,239.7,231.4,234.1,243.1,239.9,246.6,253.2,254.1,252.4,258.5,257.2,266.5,251.4,252.5,238.6,231.4,226.0,240.2,229.4,226.7,237.7,240.6,238.2,245.4,250.5,254.7,248.5,256.8,242.3,240.3,236.0,231.3,235.6,244.2,246.6,252.6,239.5,245.3,254.6,258.7,246.5,266.0,251.1,260.3,251.8,259.2,276.1,275.2,282.7,274.3,276.1,287.6,269.1,267.0,275.4,269.0,281.5,272.3,289.1,288.2,283.3,273.7,273.3,271.1,254.6,266.8,281.5,296.3,302.8,297.4,294.1,291.8,272.9,265.1,273.9,272.1,273.9,262.9,287.3,274.3,297.8,300.9,301.9,317.2,303.3,301.7,305.3,316.7,288.8,292.9,297.0,300.2,306.1,312.1,311.6,307.1,301.5,301.4,287.5,295.7,302.8,309.2,315.6,315.6,299.0,315.8,288.3,287.9,279.1,284.7,297.1,299.0,303.0,302.1,306.3,304.5,322.8,331.1,334.5,331.9,318.2,321.4,329.1,318.9,315.9,312.7,319.5,315.4,313.5,299.7,294.2,310.6,317.6,309.6,302.5,319.1,332.4,322.5,337.8,337.1,343.9,354.2,356.9,355.4,328.9,335.2,318.3,308.5,306.4,308.3,293.4,302.8,295.4,310.5,327.2,320.4,315.1,321.7,323.1,330.0,312.5,319.9,320.1,309.8,317.9,314.5,309.3,315.6,315.7,314.2,313.5,303.0,317.6,312.3,308.5,305.7,311.1,303.7,320.7,305.8,307.3,296.6,285.0,284.9,294.5,300.2,320.5,317.5,313.7,330.0,320.7,315.9,312.0,303.9,310.5,333.5,310.5,303.7,308.7,300.8,307.5,318.6,321.6,321.9,316.2,323.8,316.7,311.1,310.2,311.0,321.9,331.2,339.7,341.7,348.6,349.7,334.5,335.3,346.5,363.0,351.5,358.3,355.2,361.0,360.7,353.9,347.0,354.3,344.6,337.5,338.3,339.7,348.1,351.3,372.6,373.3,377.6,372.3,364.8,356.7,372.9,366.9,362.8,357.6,352.1,348.7,326.6,279.4,307.5,325.0,314.5,310.4,306.9,338.0,335.9,340.6,334.3,337.3,340.8,361.5,353.5,360.7,369.6,360.0,347.9,373.9,367.3,372.6,377.6,368.0,350.5,345.4,335.7,356.5,358.1,379.7,385.5,383.3,376.8,380.1,368.1,368.2,381.7,351.5,348.5,361.5,367.0,364.1,370.6,380.8,366.9,344.4,368.4,367.5,378.0,397.3,391.1,402.8,387.0,402.6,396.0,395.5,392.7,394.4,383.2,389.1,389.7,383.6,398.4,398.4,406.4,411.3,410.0,422.5,426.6,411.2
"Professional, scientific and technical services",736.6,749.4,756.8,751.7,773.0,795.3,794.2,814.9,798.3,803.4,799.2,796.3,798.9,817.3,824.2,830.3,849.8,866.9,862.5,878.2,862.1,858.2,877.7,880.3,879.5,884.9,897.6,899.4,897.5,912.6,925.6,926.9,906.3,903.0,900.9,916.1,912.7,900.6,908.8,914.7,926.9,928.8,947.9,944.6,944.4,960.8,976.3,976.5,973.8,989.2,"1,009.7","1,014.2",998.3,"1,013.8",989.5,978.4,973.8,972.2,984.5,967.6,967.7,973.8,973.4,964.1,980.0,993.9,997.8,"1,000.0",999.9,"1,001.1",997.6,"1,006.2",981.8,"1,000.2","1,010.0",998.0,"1,006.4","1,019.1","1,021.4","1,015.4",998.1,999.9,"1,001.8",987.3,989.8,"1,006.3","1,009.0","1,010.0","1,015.9","1,015.0","1,030.5","1,025.1",998.0,"1,015.3","1,015.6","1,020.8","1,011.7","1,027.0","1,018.3","1,035.8","1,047.4","1,054.8","1,040.7","1,052.5","1,032.9","1,061.8","1,049.1","1,073.0","1,079.6","1,076.7","1,080.5","1,062.2","1,083.9","1,081.7","1,080.7","1,093.6","1,076.5","1,071.8","1,073.9","1,080.5","1,087.3","1,096.2","1,111.1","1,108.2","1,139.6","1,148.3","1,158.0","1,155.9","1,132.9","1,147.6","1,138.0","1,133.6","1,161.3","1,175.8","1,178.7","1,178.2","1,179.9","1,201.6","1,207.7","1,202.9","1,184.3","1,189.3","1,196.1","1,189.3","1,176.9","1,157.5","1,162.8","1,168.9","1,172.5","1,181.7","1,190.0","1,200.7","1,175.9","1,162.6","1,174.2","1,183.6","1,192.2","1,197.2","1,224.1","1,233.8","1,236.0","1,245.6","1,249.2","1,270.4","1,227.1","1,235.7","1,240.5","1,253.7","1,247.5","1,258.2","1,273.6","1,279.8","1,281.1","1,272.8","1,273.1","1,274.6","1,266.2","1,270.2","1,277.1","1,284.1","1,278.4","1,282.1","1,298.0","1,288.9","1,278.8","1,286.7","1,275.9","1,284.5","1,269.3","1,272.5","1,273.7","1,257.8","1,268.0","1,290.8","1,298.1","1,309.0","1,298.8","1,321.6","1,342.4","1,337.1","1,307.4","1,320.0","1,312.8","1,310.2","1,316.2","1,322.6","1,331.8","1,328.7","1,326.7","1,345.4","1,350.3","1,349.1","1,305.6","1,313.4","1,307.8","1,308.6","1,329.7","1,329.0","1,324.5","1,343.2","1,344.9","1,365.3","1,380.9","1,392.6","1,358.1","1,352.3","1,372.2","1,374.4","1,362.9","1,367.6","1,372.6","1,382.3","1,390.0","1,398.0","1,385.8","1,362.9","1,345.9","1,348.1","1,358.8","1,378.9","1,377.7","1,389.5","1,396.3","1,400.9","1,429.9","1,459.9","1,466.8","1,455.3","1,434.5","1,446.5","1,446.1","1,446.4","1,429.0","1,424.8","1,440.5","1,457.8","1,485.2","1,512.9","1,521.6","1,481.3","1,456.2","1,462.0","1,488.9","1,491.7","1,507.2","1,527.8","1,535.7","1,526.7","1,564.5","1,580.2","1,581.5","1,591.5","1,569.2","1,571.7","1,559.0","1,564.3","1,561.9","1,561.2","1,573.8","1,492.2","1,507.2","1,528.1","1,562.5","1,580.6","1,577.4","1,621.8","1,609.2","1,631.9","1,651.3","1,639.6","1,646.8","1,670.4","1,699.0","1,735.2","1,733.6","1,726.8","1,703.4","1,709.6","1,739.3","1,739.3","1,717.7","1,771.1","1,769.6","1,799.7","1,833.4","1,860.6","1,847.0","1,845.2","1,820.6","1,849.4","1,842.6","1,860.3","1,859.1","1,859.0","1,867.2","1,864.3","1,884.6","1,897.0","1,879.8","1,927.2","1,904.2","1,918.7","1,922.4","1,961.7","1,939.5","1,965.3","1,941.9","1,965.0","1,983.9","1,987.1","1,996.2","1,981.1","1,970.2","1,988.6","2,002.9","1,996.7","2,004.9","1,985.7","1,989.0","2,000.2","2,022.2","2,040.0","2,039.6","2,011.9","1,993.2","2,004.1","2,009.6","1,996.4"
"Business, building and other support services",415.2,417.8,404.3,419.6,446.2,458.4,463.6,468.3,455.6,444.7,447.8,441.5,437.2,448.1,452.2,457.8,494.6,501.2,515.1,509.3,496.6,478.2,470.5,459.9,459.7,466.7,476.2,485.7,521.6,527.4,545.8,544.7,508.6,496.1,501.7,493.6,482.0,484.0,495.8,514.3,537.4,566.3,573.3,575.4,553.3,542.8,534.1,513.2,481.3,501.7,496.5,506.2,533.4,548.4,570.6,575.2,553.1,545.0,550.2,531.8,521.7,523.4,545.8,557.8,584.7,613.2,619.4,631.3,596.4,603.6,596.5,587.8,576.0,590.9,580.2,594.4,625.1,629.8,636.5,632.6,601.9,614.3,599.2,616.1,596.8,604.0,589.9,608.4,633.6,654.0,668.7,663.7,640.2,640.4,619.8,611.6,594.6,615.4,605.9,616.2,663.4,677.0,691.5,706.5,664.8,664.4,660.0,641.7,656.2,643.7,645.6,671.8,693.2,716.9,735.0,735.1,707.6,717.0,711.3,709.5,676.8,690.6,670.1,679.3,713.7,746.1,773.0,779.2,740.3,744.6,741.3,734.9,705.3,697.6,698.4,703.0,721.2,732.8,735.2,728.7,712.1,710.0,686.9,673.2,646.0,660.6,648.3,662.2,701.6,707.4,719.2,707.0,684.7,676.2,674.6,636.8,641.5,646.1,645.6,659.0,708.7,730.0,738.0,729.6,718.3,718.9,701.0,678.1,670.2,660.0,659.4,686.0,717.1,731.2,734.3,734.1,702.8,701.2,678.2,659.7,644.7,661.8,663.0,689.1,715.8,747.6,751.1,755.5,697.6,695.8,692.5,681.2,672.5,686.9,676.3,683.3,747.6,770.8,799.8,787.8,759.8,728.3,725.7,702.9,668.4,672.7,687.3,718.8,751.1,767.8,748.9,777.0,745.5,731.9,718.4,709.7,699.2,713.2,710.6,730.2,781.2,786.3,781.7,786.9,774.6,758.3,723.3,702.0,688.2,710.0,703.8,713.4,771.1,794.1,795.2,795.3,777.6,747.5,731.9,694.9,704.8,712.3,730.3,729.4,777.2,772.8,786.0,801.8,763.0,750.5,723.3,716.7,715.0,715.2,724.6,740.3,789.3,800.4,812.9,822.4,787.7,786.6,785.7,774.1,752.7,774.6,755.0,752.6,781.0,784.7,803.2,776.6,750.7,748.0,736.6,725.8,709.2,715.6,681.4,620.3,639.4,714.5,710.7,727.0,709.7,684.6,675.9,639.7,632.4,646.1,648.8,658.7,705.3,719.9,731.8,721.5,701.8,671.8,688.0,673.7,639.0,657.4,656.3,655.3,699.5,735.8,741.8,725.3,706.1,696.8,691.7,685.8,658.1,658.5,690.7,687.4,694.5,710.2,722.3,725.4,712.1,698.2,702.9,663.5,657.7,650.3,662.6,675.9,731.9,742.8,746.7,730.7,715.1,737.4,720.1,713.1,686.1,688.8,686.1,681.3,701.7,723.6,705.1,703.8,686.7,677.7,670.9,654.8
Educational services,931.5,950.5,943.1,937.5,944.3,913.1,804.1,797.6,911.3,930.3,948.6,952.3,944.7,971.2,961.2,960.0,944.8,927.6,802.6,803.5,928.9,966.1,973.5,982.0,"1,004.2",994.4,990.6,990.0,989.3,968.9,847.9,846.1,973.1,"1,001.3","1,013.7","1,030.8","1,023.6","1,033.1","1,025.9","1,008.4",991.4,982.3,839.6,822.6,954.3,978.4,998.4,983.4,990.0,"1,013.2","1,007.8","1,006.2",997.0,983.9,860.9,831.4,967.3,"1,007.9","1,011.0","1,013.7","1,044.0","1,030.5","1,025.1","1,031.1","1,021.7","1,015.8",860.5,868.1,"1,012.3","1,017.2","1,035.5","1,052.0","1,063.6","1,076.4","1,071.0","1,054.0","1,055.5","1,028.1",872.7,860.7,"1,018.8","1,057.7","1,070.1","1,080.5","1,079.0","1,102.6","1,073.1","1,063.0","1,073.1","1,062.1",870.6,834.3,"1,016.7","1,050.5","1,083.8","1,099.3","1,087.7","1,131.7","1,126.5","1,147.7","1,123.5","1,109.7",941.7,930.2,"1,109.6","1,148.6","1,178.7","1,193.4","1,181.7","1,189.4","1,184.8","1,182.3","1,178.1","1,159.1","1,008.5",974.1,"1,138.2","1,191.1","1,203.5","1,215.1","1,211.4","1,221.3","1,217.4","1,207.3","1,187.2","1,188.6",957.0,979.2,"1,168.2","1,192.1","1,208.7","1,210.5","1,213.0","1,216.4","1,201.2","1,204.7","1,174.1","1,154.8",964.3,956.1,"1,140.2","1,177.9","1,185.5","1,175.4","1,173.7","1,190.8","1,186.8","1,200.2","1,184.8","1,174.4",967.1,954.4,"1,178.1","1,220.2","1,241.1","1,232.6","1,224.7","1,238.1","1,234.7","1,230.3","1,194.2","1,171.0",959.8,974.6,"1,167.4","1,199.9","1,223.9","1,216.1","1,208.9","1,229.1","1,220.2","1,227.2","1,196.5","1,193.9",959.7,977.9,"1,169.9","1,207.6","1,224.5","1,220.0","1,228.5","1,254.4","1,233.9","1,239.2","1,219.6","1,226.6","1,009.6","1,002.5","1,206.3","1,271.9","1,279.9","1,282.4","1,280.6","1,288.2","1,281.5","1,284.3","1,265.9","1,261.8","1,008.9","1,012.3","1,234.8","1,267.5","1,281.4","1,261.8","1,257.8","1,266.6","1,259.8","1,257.9","1,250.3","1,226.5","1,030.4","1,019.0","1,243.9","1,277.2","1,298.5","1,298.7","1,311.9","1,346.1","1,333.8","1,327.8","1,296.2","1,281.4","1,054.4","1,070.8","1,251.0","1,296.5","1,309.1","1,319.6","1,320.0","1,327.3","1,315.2","1,308.1","1,304.7","1,280.5","1,038.0","1,034.3","1,269.9","1,309.6","1,316.6","1,315.4","1,323.2","1,329.6","1,308.5","1,330.4","1,301.5","1,291.8","1,032.4","1,017.8","1,279.8","1,313.7","1,333.2","1,348.4","1,322.8","1,343.2","1,331.2","1,330.6","1,311.2","1,297.5","1,088.4","1,082.1","1,305.8","1,350.1","1,369.9","1,381.3","1,370.1","1,383.1","1,363.0","1,363.0","1,342.0","1,355.2","1,090.6","1,094.1","1,351.6","1,382.5","1,407.9","1,406.9","1,401.1","1,413.1","1,264.1","1,245.8","1,254.2","1,269.5","1,063.1","1,075.0","1,414.0","1,474.4","1,478.8","1,481.2","1,451.9","1,515.7","1,531.5","1,484.3","1,471.4","1,473.5","1,194.7","1,197.5","1,490.6","1,524.5","1,529.5","1,545.5","1,513.0","1,561.8","1,539.0","1,543.0","1,548.0","1,531.4","1,217.3","1,181.6","1,489.6","1,535.0","1,553.2","1,548.9","1,551.6","1,570.8","1,551.6","1,567.3","1,565.2","1,534.5","1,239.9","1,217.3","1,559.0","1,608.5","1,612.9","1,610.6","1,636.8","1,634.2","1,619.1","1,615.4","1,596.7","1,601.2","1,284.8","1,284.8","1,595.5","1,633.4","1,660.9","1,674.0","1,664.7","1,676.5","1,655.6","1,666.6","1,660.5","1,626.1","1,347.5","1,305.5","1,630.6","1,657.9","1,666.8","1,681.6"
Health care and social assistance,"1,360.3","1,374.5","1,382.9","1,371.3","1,377.8","1,393.7","1,406.0","1,410.8","1,377.4","1,380.2","1,386.2","1,393.7","1,378.1","1,383.0","1,401.5","1,401.0","1,408.0","1,428.6","1,451.2","1,449.3","1,439.6","1,450.9","1,449.5","1,460.1","1,423.6","1,432.7","1,414.0","1,420.8","1,426.6","1,453.4","1,462.8","1,459.7","1,441.5","1,454.0","1,468.5","1,466.0","1,476.4","1,493.9","1,503.1","1,512.7","1,529.1","1,530.0","1,528.4","1,536.4","1,521.4","1,526.8","1,518.3","1,525.6","1,525.9","1,529.4","1,539.6","1,536.2","1,535.8","1,545.3","1,552.2","1,569.8","1,550.7","1,545.1","1,557.5","1,559.0","1,563.9","1,563.5","1,571.6","1,585.0","1,595.2","1,615.3","1,650.2","1,648.3","1,632.8","1,639.1","1,654.0","1,649.2","1,649.6","1,657.6","1,656.4","1,649.0","1,672.9","1,695.4","1,701.4","1,686.1","1,676.6","1,683.6","1,690.4","1,715.4","1,713.4","1,697.9","1,708.8","1,724.8","1,734.7","1,733.7","1,731.7","1,725.7","1,730.1","1,722.2","1,729.2","1,726.5","1,705.6","1,715.3","1,719.9","1,698.6","1,702.1","1,723.0","1,755.4","1,747.8","1,734.8","1,745.1","1,727.2","1,705.6","1,706.2","1,719.6","1,720.2","1,719.1","1,739.7","1,774.9","1,789.9","1,782.9","1,753.9","1,757.5","1,758.0","1,770.9","1,779.9","1,786.0","1,804.8","1,813.0","1,818.4","1,823.6","1,849.3","1,843.4","1,826.1","1,839.0","1,844.3","1,851.9","1,850.4","1,852.7","1,853.0","1,856.3","1,894.5","1,910.7","1,918.1","1,909.1","1,895.6","1,899.6","1,907.8","1,911.5","1,932.6","1,946.1","1,935.3","1,942.1","1,944.3","1,944.9","1,957.0","1,954.7","1,941.5","1,946.5","1,965.9","1,965.9","1,968.0","1,983.9","1,989.2","1,997.7","2,024.6","2,063.6","2,070.8","2,072.6","2,031.6","2,033.4","2,035.7","2,035.7","2,045.2","2,057.7","2,040.8","2,052.9","2,064.1","2,085.4","2,096.7","2,086.3","2,054.0","2,060.4","2,072.8","2,083.0","2,069.8","2,072.4","2,091.3","2,086.5","2,098.2","2,104.5","2,132.7","2,132.2","2,107.3","2,116.5","2,128.0","2,122.7","2,117.9","2,134.7","2,137.3","2,156.8","2,151.3","2,169.8","2,149.6","2,173.4","2,155.2","2,170.1","2,167.0","2,159.0","2,166.5","2,166.1","2,179.8","2,188.6","2,197.8","2,201.0","2,208.7","2,208.3","2,192.2","2,201.9","2,212.0","2,222.1","2,202.3","2,222.5","2,219.8","2,223.5","2,257.4","2,270.5","2,261.7","2,269.1","2,251.8","2,248.9","2,254.9","2,267.0","2,258.4","2,253.6","2,263.6","2,274.7","2,265.8","2,278.3","2,314.4","2,318.3","2,283.8","2,288.7","2,280.5","2,300.0","2,307.3","2,296.8","2,312.0","2,316.6","2,346.3","2,378.7","2,383.7","2,388.8","2,339.3","2,342.4","2,345.3","2,349.4","2,349.0","2,368.9","2,371.6","2,370.4","2,368.9","2,388.9","2,439.3","2,435.8","2,400.4","2,416.3","2,417.3","2,430.3","2,447.7","2,446.8","2,422.9","2,427.9","2,451.5","2,478.3","2,500.1","2,510.1","2,495.9","2,502.0","2,501.5","2,510.2","2,505.7","2,509.8","2,367.0","2,233.6","2,253.7","2,404.2","2,429.3","2,431.1","2,433.7","2,440.5","2,458.2","2,441.9","2,450.3","2,458.7","2,504.8","2,494.4","2,508.8","2,546.5","2,562.8","2,546.1","2,535.7","2,551.2","2,571.6","2,573.8","2,580.0","2,607.3","2,607.6","2,589.6","2,610.6","2,617.6","2,621.7","2,630.9","2,626.1","2,640.5","2,643.9","2,610.1","2,648.7","2,673.4","2,665.0","2,649.9","2,657.8","2,698.2","2,738.8","2,733.2","2,709.0","2,725.2","2,726.1","2,734.7","2,728.0","2,738.6","2,785.6","2,787.9","2,820.0","2,827.4","2,853.5","2,869.6","2,849.0","2,852.6","2,858.7","2,863.5","2,858.6","2,868.6","2,879.8","2,856.3","2,880.8","2,916.8","2,907.4","2,906.5","2,896.8","2,889.0","2,937.7","2,954.1"
"Information, culture and recreation",557.7,562.0,575.1,578.5,604.5,629.7,643.7,650.9,617.6,607.0,591.8,599.1,584.6,599.3,592.3,593.5,609.5,630.3,652.1,652.0,624.6,619.0,595.2,604.2,600.9,613.8,602.8,602.2,625.7,645.3,677.5,669.4,642.4,633.9,618.0,617.2,603.6,620.3,624.3,620.2,666.1,687.8,716.0,721.5,692.9,686.7,676.2,683.2,671.3,669.0,688.3,687.1,730.5,731.6,766.9,767.6,711.7,716.8,692.4,683.1,677.8,697.0,691.2,707.0,718.7,746.2,786.0,789.5,701.8,686.0,672.0,669.9,669.5,667.6,677.8,678.8,729.0,749.7,778.3,773.0,726.8,722.1,707.2,703.7,702.2,713.1,698.4,695.6,725.7,761.3,796.6,816.5,745.0,730.4,711.6,698.1,678.5,708.4,708.5,694.2,734.7,745.4,792.7,769.1,739.4,726.0,712.6,715.5,717.4,722.1,720.4,723.1,771.7,777.4,806.1,806.0,747.2,735.6,707.8,704.4,716.0,721.3,721.5,715.0,755.2,778.9,812.6,793.2,751.9,752.2,717.1,713.2,706.4,718.2,717.5,704.5,737.7,759.9,792.6,794.1,723.1,706.7,687.7,692.3,687.3,696.3,688.6,697.3,747.9,782.2,805.4,798.7,741.0,736.1,705.1,701.2,703.8,705.0,713.0,723.7,748.4,792.2,830.4,792.3,745.7,749.2,724.1,718.5,735.7,744.4,729.7,728.5,774.0,803.5,850.9,823.3,750.4,738.0,712.0,718.3,702.6,720.8,731.5,725.1,749.2,760.8,824.0,809.2,749.4,736.9,721.5,720.6,713.5,725.0,721.0,712.7,761.8,772.4,803.4,811.2,740.2,735.2,728.6,730.6,731.3,737.9,737.0,720.8,767.2,775.3,834.8,816.5,736.1,730.6,725.3,721.4,717.4,718.6,720.2,706.0,747.0,754.3,819.6,798.4,754.0,750.5,716.2,706.1,728.0,737.6,725.6,708.5,762.7,798.1,850.7,844.2,786.2,769.8,765.0,761.7,750.2,737.9,748.9,732.5,764.1,785.9,861.2,854.8,774.0,774.6,760.7,751.3,762.9,740.5,743.6,738.5,780.5,802.8,871.3,850.6,768.5,762.1,735.8,728.2,727.6,741.5,744.8,760.2,784.8,829.0,891.5,882.0,759.4,746.9,732.0,744.8,746.5,747.9,631.3,554.4,583.8,675.3,746.4,747.5,714.3,692.3,651.0,634.3,610.9,622.5,665.6,645.6,680.7,733.6,808.4,818.9,742.7,754.2,750.0,747.8,697.1,786.4,774.7,778.1,847.5,849.8,919.6,900.0,800.7,790.7,775.9,794.0,804.2,803.4,804.3,807.9,867.9,899.1,954.6,942.3,823.0,836.7,814.9,815.0,805.8,814.1,801.7,814.4,846.4,866.6,941.0,931.2,846.0,828.7,809.4,815.3,813.9,824.4,797.6,818.5,879.2,913.7,942.8,926.9,815.6,838.5,830.2,828.7
Accommodation and food services,805.5,806.5,819.1,821.4,863.0,905.3,924.8,926.3,877.3,878.8,878.2,881.9,859.2,864.4,883.3,887.0,902.5,944.3,982.9,976.7,923.8,895.0,889.7,886.7,862.7,864.3,873.1,886.9,915.2,936.5,972.3,972.5,933.3,919.4,910.6,926.3,899.9,917.1,919.2,928.3,968.5,986.8,"1,010.5",976.4,941.2,918.8,900.4,923.9,900.0,903.4,917.7,916.8,953.3,973.0,"1,025.3","1,013.4",942.8,953.0,927.0,951.2,948.7,949.8,955.6,962.3,996.0,"1,016.5","1,038.0","1,034.8",981.5,981.1,969.3,987.3,949.9,968.3,997.2,982.0,"1,008.3","1,036.5","1,065.8","1,063.8","1,001.4",989.0,978.8,986.3,949.3,974.5,990.7,999.0,"1,013.8","1,044.9","1,074.8","1,051.7",996.4,"1,004.7",975.0,"1,007.7",986.6,975.1,967.3,981.1,"1,000.2","1,029.4","1,064.1","1,043.0",979.2,989.5,996.1,"1,003.0",978.2,970.7,983.4,985.2,"1,029.4","1,064.1","1,100.2","1,094.9","1,037.2","1,037.7","1,023.7","1,027.2","1,027.6","1,044.6","1,057.0","1,065.2","1,096.6","1,118.1","1,158.4","1,150.5","1,074.9","1,063.3","1,052.2","1,049.2","1,023.7","1,032.3","1,050.7","1,068.7","1,107.9","1,129.2","1,145.0","1,152.3","1,108.1","1,091.1","1,071.4","1,076.3","1,047.3","1,072.7","1,054.5","1,054.9","1,074.7","1,116.3","1,117.5","1,108.5","1,038.4","1,023.7","1,027.7","1,031.0","1,031.6","1,043.5","1,042.8","1,057.5","1,085.7","1,111.6","1,166.6","1,137.0","1,087.9","1,059.4","1,058.3","1,069.6","1,053.8","1,066.0","1,086.1","1,090.8","1,133.2","1,157.0","1,197.2","1,182.5","1,144.3","1,133.3","1,120.7","1,129.7","1,107.7","1,101.9","1,115.7","1,142.8","1,194.3","1,200.9","1,217.1","1,198.6","1,168.8","1,134.0","1,138.7","1,146.9","1,115.0","1,134.1","1,134.9","1,129.8","1,177.3","1,176.8","1,192.9","1,209.1","1,142.6","1,146.4","1,147.5","1,152.5","1,127.4","1,143.4","1,155.8","1,146.0","1,196.5","1,213.4","1,246.7","1,209.5","1,169.3","1,192.0","1,178.0","1,181.4","1,149.2","1,174.0","1,197.3","1,194.4","1,234.9","1,243.6","1,263.7","1,241.3","1,178.2","1,171.3","1,173.8","1,169.6","1,145.1","1,151.1","1,172.7","1,187.1","1,210.9","1,236.8","1,268.6","1,271.5","1,217.8","1,210.2","1,203.6","1,184.5","1,176.4","1,186.6","1,186.4","1,186.5","1,226.4","1,243.5","1,276.9","1,280.6","1,225.3","1,207.2","1,209.2","1,210.2","1,190.4","1,188.8","1,213.5","1,221.8","1,278.1","1,274.2","1,298.1","1,300.1","1,236.6","1,217.6","1,215.3","1,213.5","1,177.7","1,175.8","1,167.5","1,194.7","1,223.6","1,239.5","1,262.4","1,269.9","1,229.9","1,232.7","1,216.1","1,232.2","1,181.5","1,171.5",896.8,599.3,650.0,867.4,"1,006.3","1,051.8","1,057.6","1,008.3",964.9,910.0,818.7,887.1,917.9,851.1,874.1,970.4,"1,031.0","1,104.0","1,047.3","1,020.0","1,016.1","1,015.2",870.6,976.5,"1,008.2","1,026.8","1,054.8","1,071.0","1,110.8","1,108.9","1,061.7","1,072.8","1,068.0","1,076.1","1,067.2","1,075.7","1,093.3","1,109.0","1,151.4","1,158.1","1,212.7","1,191.7","1,142.1","1,125.7","1,114.2","1,109.9","1,058.3","1,083.8","1,074.8","1,114.2","1,163.4","1,189.3","1,210.2","1,192.1","1,139.0","1,140.5","1,149.9","1,150.6","1,127.6","1,133.1","1,141.8","1,150.8","1,168.4","1,201.9","1,237.3","1,237.4","1,185.0","1,177.3","1,188.2","1,169.3"
Other services (except public administration),637.2,636.8,651.9,660.7,674.5,692.5,712.6,699.5,674.2,682.8,684.3,688.9,676.2,680.4,675.7,691.0,706.8,713.6,737.7,720.4,700.2,704.4,704.0,701.5,704.7,713.0,718.5,721.7,727.2,724.4,727.4,718.5,697.1,702.6,701.6,695.2,680.8,683.0,672.7,674.2,677.7,692.4,713.9,713.4,669.4,678.3,664.7,671.8,651.2,649.3,651.0,656.6,661.2,671.1,682.8,671.3,673.5,654.4,670.9,680.5,664.6,664.5,671.8,681.4,700.4,696.8,708.9,697.2,669.5,688.2,687.1,702.5,697.4,690.2,705.1,703.3,707.0,732.9,736.7,730.0,700.9,701.6,713.2,721.7,689.5,681.5,675.8,693.5,713.5,717.0,722.2,729.2,688.9,689.9,698.1,699.4,693.0,685.2,676.9,692.4,689.2,705.5,715.4,695.9,697.6,686.3,696.0,670.1,682.8,694.2,697.5,707.9,709.7,712.6,711.7,703.8,686.2,685.5,679.7,698.4,688.5,685.3,695.3,698.7,700.5,715.0,725.1,714.2,701.1,712.0,723.1,720.9,719.1,721.8,714.5,718.2,740.2,742.3,758.0,754.0,738.4,751.6,758.9,749.0,748.5,755.1,768.4,762.3,801.2,782.6,787.4,790.3,767.4,758.9,768.3,760.1,751.2,760.3,742.8,753.6,760.4,764.8,785.1,775.3,761.1,760.7,763.7,773.7,758.1,753.8,754.2,762.1,749.5,764.3,783.6,782.4,766.4,763.4,776.6,781.7,781.0,787.3,786.6,806.0,811.7,808.1,818.8,818.4,794.5,797.8,797.6,799.1,786.7,781.4,781.0,773.3,788.5,781.0,805.4,795.5,767.5,765.0,775.3,757.9,751.2,752.0,761.0,759.3,769.1,789.1,781.6,780.7,763.2,745.8,746.1,731.2,726.1,720.9,725.8,736.1,738.3,745.4,756.1,758.6,753.9,762.4,750.8,743.7,747.6,724.8,743.9,734.5,764.3,774.0,772.9,778.0,754.1,765.5,778.7,779.8,766.2,766.5,764.2,761.0,777.2,789.8,779.5,768.1,765.4,783.7,796.4,788.2,790.4,799.8,795.3,787.8,778.3,779.6,805.8,792.8,781.5,778.0,776.3,787.4,780.1,785.7,796.2,803.6,818.9,798.1,802.9,795.3,769.7,770.2,776.4,772.3,768.3,775.5,712.8,576.2,602.0,663.5,700.2,731.6,734.9,747.8,742.4,700.1,689.0,711.5,725.2,719.5,722.9,737.0,749.3,724.6,701.2,714.1,708.3,701.1,694.4,696.2,706.0,710.7,708.3,701.0,711.0,716.7,708.0,714.3,726.0,729.8,740.3,752.8,750.4,748.9,757.3,754.7,773.5,790.7,779.0,783.5,788.8,799.2,787.4,807.8,806.6,816.1,821.2,820.3,831.4,805.0,783.7,786.2,775.4,776.0,758.2,756.6,774.9,781.2,786.7,777.4,792.3,779.5,773.0,769.0,776.4,792.1
Public administration,779.4,785.5,785.1,792.4,805.4,819.4,836.4,828.3,777.1,779.0,779.4,778.1,766.6,771.3,765.9,767.5,799.3,825.4,832.7,820.6,764.4,757.0,757.8,751.2,749.1,755.7,769.2,765.8,794.5,808.6,827.7,806.1,756.7,757.4,750.0,752.0,750.6,748.2,755.6,762.4,774.6,790.8,817.9,821.5,769.3,769.8,771.3,763.4,759.4,756.2,755.2,772.3,805.1,814.4,818.3,830.0,775.4,780.4,778.4,784.8,782.0,786.0,796.9,781.6,805.4,809.0,824.9,823.1,778.5,783.5,782.2,783.6,788.6,797.3,800.5,811.3,816.7,844.8,865.5,867.3,822.4,820.6,824.1,812.5,804.4,809.8,809.6,811.3,833.9,858.4,870.2,866.7,827.4,824.3,824.6,824.2,806.7,810.1,819.7,844.4,856.1,865.6,871.4,879.9,832.7,811.6,809.8,820.4,824.9,798.4,805.0,804.4,849.1,865.3,882.3,875.3,821.2,826.6,823.0,819.4,825.5,828.7,830.9,837.8,860.3,880.2,900.1,893.8,852.1,876.2,857.5,864.3,856.4,869.1,877.7,879.7,911.1,925.3,938.9,930.1,883.3,932.3,888.7,896.7,879.4,886.1,897.3,903.4,942.4,956.8,975.5,980.7,930.2,919.2,914.2,911.6,901.6,912.4,924.2,928.9,946.1,965.3,971.9,967.9,932.3,919.0,911.4,910.8,924.7,931.8,922.6,935.4,951.0,954.9,961.8,947.2,921.0,912.3,908.9,902.6,894.3,897.2,905.9,905.4,940.8,946.5,948.9,944.4,904.9,901.3,905.9,912.6,915.5,920.3,913.1,910.8,939.8,933.4,935.5,928.4,888.6,883.2,878.5,886.4,883.0,884.1,884.3,887.4,914.6,932.4,950.7,943.5,910.9,898.4,887.4,886.4,877.0,885.0,881.4,879.9,899.4,913.7,937.5,946.1,900.5,913.1,878.0,883.3,870.5,872.9,861.5,869.1,922.4,926.0,919.4,919.9,893.9,897.4,906.3,909.2,917.2,918.6,903.7,903.8,933.1,952.0,949.2,949.1,917.0,910.6,910.4,907.3,905.4,909.1,912.4,921.6,942.3,951.3,972.1,963.9,951.5,943.9,939.6,930.5,932.8,951.3,955.9,969.6,982.2,"1,004.4","1,022.2","1,027.3",998.7,"1,013.0",981.5,971.6,974.4,978.9,971.3,960.3,978.0,"1,007.4","1,018.1","1,033.9","1,011.4","1,013.2","1,007.5","1,020.7","1,023.7","1,030.0","1,024.4","1,035.9","1,055.9","1,094.3","1,108.9","1,109.6","1,130.2","1,101.9","1,104.5","1,101.3","1,091.0","1,083.4","1,097.2","1,111.5","1,135.6","1,158.7","1,175.0","1,194.8","1,154.3","1,165.7","1,163.2","1,170.3","1,163.4","1,168.5","1,166.9","1,165.8","1,192.9","1,215.3","1,210.6","1,209.5","1,190.2","1,190.9","1,182.8","1,187.8","1,204.5","1,213.6","1,210.2","1,209.4","1,233.6","1,241.4","1,272.2","1,267.2","1,236.7","1,220.3","1,214.0","1,210.9","1,215.9","1,226.9","1,229.6","1,266.1","1,253.0","1,272.6","1,278.6","1,281.4","1,249.4","1,247.3","1,229.7","1,235.1"